﻿1;Геонет ГПС;1;Иво Лола Рибар 59/1-11;1;+ 389 2 3 290 020   ;                    ;+ 389 2 3 290 020   ;support@gps.mk;www.gps.mk;1;;geonet.png;2;3;1;5;dd-MM-yyyy;hh:mm:ss 24h;2;M011;4BEFFD8D-6438-483C-B3F2-D5CD4143C156;NULL;0;0;0;NULL
2;TEST;1;1;1;1                   ;11                  ;                    ;accacko@local;;1;;geonet.png;2;3;1;5;dd-MM-yyyy;hh:mm:ss AM/PM;2;M011;3B4EC3FF-3ACB-4861-B1AE-38E7832B7E0D;NULL;0;0;0;NULL
5;ADMIN;1;Ruzveltova;1;226294              ;225884              ;                    ;marko.marcevski@local;;1;;geonet.png;2;3;1;5;dd-MM-yyyy;hh:mm:ss 24h;2;M011;B1D72457-DCB6-467F-AD0E-03D7EEC735C0;NULL;0;0;0;NULL
6;GPS Admin;1;asdf;1;123456              ;123456              ;                    ;viktor.mladenovski@seavus.com;;1;;geonet.png;2;3;1;5;dd-MM-yyyy;hh:mm:ss 24h;2;M011;4F9B9109-9EE8-4CEF-9AED-BC1BAF74CE12;NULL;0;0;0;NULL
9;МИС Глобус;1;;1;                    ;                    ;                    ;tode@geonet.com.mk;;1;;geonet.png;2;3;1;5;dd-MM-yyyy;hh:mm:ss 24h;2;M011;94FCFBFC-5AD7-4406-9430-0F48DA182DCC;NULL;0;0;0;NULL
11;Диструбуција доо;1;1;1;1                   ;1                   ;                    ;tode@gps.com.mk;;1;;geonet.png;2;3;1;5;dd-MM-yyyy;hh:mm:ss 24h;2;M011;0DBCDBBF-4234-4419-A9CA-94DDABDF22C6;NULL;0;0;0;NULL
15;Тоде Буцевски;1;1;1;070293629           ;070293629           ;                    ;tode.bucevski@seavus.com;;1;;geonet.png;2;3;1;5;dd-MM-yyyy;hh:mm:ss 24h;2;M011;FC3C88CB-5CB7-41EB-885C-B02C4E20B3D1;NULL;0;0;0;NULL
18;Ne brisi;1;1234;1;1234                ;1234                ;                    ;?„?;;1;;geonet.png;2;3;1;5;dd-MM-yyyy;hh:mm:ss 24h;2;M011;DB09323F-4EA8-4D50-A213-D32B80EB03DC;NULL;0;0;0;NULL
19;ЗОНА ;1;АСНОМ 34;1;02/2452041          ;070308475           ;                    ;zona1@unet.com.mk;;1;;geonet.png;2;3;1;5;dd-MM-yyyy;hh:mm:ss 24h;2;M011;BC477EEA-08EC-4504-97FF-8CF822D4D14D;NULL;0;0;0;NULL
20;Distribution;1;1;1;023094024           ;070300878           ;                    ;zoran.filipovski@mobimak.com.mk;;1;;geonet.png;2;3;1;5;dd-MM-yyyy;hh:mm:ss 24h;2;M011;D7EE7A6D-0BFA-4D2B-B482-AD5659960578;NULL;0;0;0;NULL
28;Професинал ПСН;1;ул. Теодосие Синаитски бр. 20б, Скопје;1;02 23085553         ;070351926           ;                    ;info@psn.com.mk;;1;;geonet.png;2;3;1;5;dd-MM-yyyy;hh:mm:ss 24h;2;M011;175098AA-D1D0-4C49-BC41-244363B34FD1;NULL;0;0;0;NULL
29;Кадис Транс;1;Partizanski Odredi 111;1;02/3076400          ;070525626           ;                    ;vesna@kadis.com.mk;;1;;geonet.png;2;3;1;5;dd-MM-yyyy;hh:mm:ss 24h;2;M011;1CD68920-73FB-4DB3-A91F-729BAB63724C;NULL;0;0;0;NULL
30;М В Р;1;Avnoj 55;1;02 2000000          ;070222222           ;                    ;t@r;;1;;geonet.png;2;3;1;5;dd-MM-yyyy;hh:mm:ss 24h;2;M011;1E7EC081-6E9C-4BAD-98F6-D79760DEF6E4;NULL;0;0;0;NULL
31;geonet;1;;1;                    ;070000              ;                    ;geonet@gps.com.mk;;1;;geonet.png;2;3;1;5;dd-MM-yyyy;hh:mm:ss 24h;2;M011;8F85E8DB-F972-4C1D-925B-043A1231D789;NULL;0;0;0;NULL
32;Скопски Пазар;1;;1;                    ;070225499           ;                    ;tode.bucevski@seavus.com;;1;;geonet.png;2;3;1;5;dd-MM-yyyy;hh:mm:ss 24h;2;M011;0999C165-1C8E-42CD-8284-F907B2F14E4A;NULL;0;0;0;NULL
33;АМСМ;1;;1;                    ;                    ;                    ;viktor.mladenovski@seavus.com;;1;;geonet.png;2;3;1;5;dd-MM-yyyy;hh:mm:ss 24h;2;M011;296E9BB9-D937-41D8-A23B-A5835C46BE5F;NULL;0;0;0;NULL
34;МАК СТИЛ;1;Железара бб;1;072500500           ;                    ;                    ;tode@gps.com.mk;;1;;geonet.png;2;3;1;5;dd-MM-yyyy;hh:mm:ss 24h;2;M011;057E0865-08B1-453E-880F-1A529E85372F;NULL;0;0;0;NULL
35;ДЕМО;1;Podrvka;1;070                 ;02                  ;                    ;tode@gps.com.mk;;1;;geonet.png;2;3;1;5;dd-MM-yyyy;hh:mm:ss 24h;2;M011;36A5C0AE-B7DE-4910-8F99-8239776811F3;NULL;0;0;0;NULL
36;ПЕКАБЕСКО;1;Шуто Оризари бб;1;02 2600 600         ;070200200           ;                    ;tode@gps.com.mk;;1;;geonet.png;2;3;1;5;dd-MM-yyyy;hh:mm:ss 24h;2;M011;85F689BD-2F5E-4F74-908A-C76E15901E9B;NULL;0;0;0;NULL
37;GPS Navisat;1;Nairobi;1;1234                ;1234                ;                    ;viktor.mladenovski@seavus.com;;1;;geonet.png;2;3;1;5;dd-MM-yyyy;hh:mm:ss 24h;2;M011;CA5AF740-4FEA-46F3-AD9C-E7E41E46B033;NULL;0;0;0;NULL
38;M&A International;1;;1;                    ;                    ;                    ;Ivica@m&ainternational.com.mk;;1;;geonet.png;2;3;1;5;dd-MM-yyyy;hh:mm:ss 24h;2;M011;80BC82BB-A766-4324-A699-A43F5DA95812;NULL;0;0;0;NULL
39;Eco Logistic;1;;1;                    ;                    ;                    ;tode@gps.com.mk;;1;;geonet.png;2;3;1;5;dd-MM-yyyy;hh:mm:ss 24h;2;M011;2AEEEE7C-0B47-4FD9-A0E3-38701B53F008;NULL;0;0;0;NULL
40;ВАЈОМАГ;1;;1;                    ;070276095           ;                    ;igor.andrejevski@gps.com.mk;;1;;geonet.png;2;3;1;5;dd-MM-yyyy;hh:mm:ss 24h;2;M011;5C5B82E0-3F62-4C9E-ABB7-949DD32F63A4;NULL;0;0;0;NULL
42;Seavus;1;;1;                    ;                    ;                    ;todor.petrovski@seavus.com;;1;;geonet.png;2;3;1;5;dd-MM-yyyy;hh:mm:ss 24h;2;M011;67F0DBF7-42FF-42D1-8B29-AE2E289A33E7;NULL;0;0;0;NULL
43;Сарантис;1;;1;                    ;                    ;                    ;er@er.c;;1;;geonet.png;2;3;1;5;dd-MM-yyyy;hh:mm:ss 24h;2;M011;89B9CE0C-0E4B-42A7-A16D-C09822E3085B;NULL;0;0;0;NULL
44;Leo Barnett;1;;1;                    ;                    ;                    ;igor.andrejevski@gps.com.mk;;1;;geonet.png;2;3;1;5;dd-MM-yyyy;hh:mm:ss 24h;2;M011;A8C04888-DD85-4CC6-B3EF-D10F80329789;NULL;0;0;0;NULL
45;Алкалоид;1;;1;                    ;                    ;                    ;q@ser.ser;;1;;geonet.png;2;3;1;5;dd-MM-yyyy;hh:mm:ss 24h;2;M011;310D457D-0E2B-4435-BB1E-9DD42FC8A0AB;NULL;0;0;0;NULL
46;Никоб;1;Каирска 4;1;                    ;070226659           ;                    ;filip@nikob.com.mk;;1;;geonet.png;2;3;1;5;dd-MM-yyyy;hh:mm:ss 24h;2;M011;4B47057A-8EFA-4019-8E80-B34BF9FE25C5;NULL;1;0;0;NULL
47;МАКПЕТРОЛ;1;;1;                    ;                    ;                    ;wq@wq.er.vf;;1;;geonet.png;2;3;1;5;dd-MM-yyyy;hh:mm:ss 24h;2;M011;C955B097-BD8F-46A9-B93F-C61E264112B0;NULL;0;0;0;NULL
48;Сантем;1;Виктор Иго 4а, Скопје;1;022700393           ;075221544           ;                    ;Santem@Santem.com.mk;;1;;geonet.png;2;3;1;5;dd-MM-yyyy;hh:mm:ss 24h;2;M011;A6BF969F-1584-40CB-9D07-2DF69F3B9120;NULL;0;0;0;NULL
49;АМЦ;1;;1;02 322 6676         ;070 227 844         ;                    ;Goran@amc.com.mk;;1;;geonet.png;2;3;1;5;dd-MM-yyyy;hh:mm:ss 24h;2;M011;738464FF-4FD7-4543-A4C1-E58E398B34CF;NULL;0;0;0;NULL
50;MikeiInternacional;1;;1;022401000           ;070502057           ;                    ;todor.petrovski@seavus.com;;1;;geonet.png;2;3;1;5;dd-MM-yyyy;hh:mm:ss 24h;2;M011;B2C30196-5659-4606-94BD-23F3578182EC;NULL;0;0;0;NULL
51;Е-Сторе;1;seavus;1;2401000             ;246585              ;                    ;todor.petrovski@seavus.com;;1;;geonet.png;2;3;1;5;dd-MM-yyyy;hh:mm:ss 24h;2;M011;EDFD719E-78DB-4C04-8597-23444B3D7C11;NULL;0;0;0;NULL
53;ETrade;1;Перо Наков бб згр.Текстил;1;022401000           ;070276585           ;                    ;todor.petrovski@seavus.com;;1;;geonet.png;2;3;1;5;dd-MM-yyyy;hh:mm:ss 24h;2;M011;0135AB46-CCC0-4A97-B526-E6124240C071;NULL;0;0;0;NULL
54;Космофон;1;Kosmofon;1;2401000             ;075155155           ;                    ;kosmofon@kosmofon.com;;1;;geonet.png;2;3;1;5;dd-MM-yyyy;hh:mm:ss 24h;2;M011;9F3D1831-CA12-4FA1-ADD1-B2B7E9A6F963;NULL;0;0;0;NULL
55;Време;1;Adresa;1;022401000           ;070276585           ;                    ;vreme@vreme.com;;1;;geonet.png;2;3;1;5;dd-MM-yyyy;hh:mm:ss 24h;2;M011;06F1B1AE-C3EF-491E-AC50-A995B2728BF5;NULL;0;0;0;NULL
56;Palma;1;;1;                    ;                    ;                    ;palma@palma.com;;1;;geonet.png;2;3;1;5;dd-MM-yyyy;hh:mm:ss 24h;2;M011;1EA812AD-EC79-4839-BE91-0A822D3C62B2;NULL;0;0;0;NULL
57;Гранит;1;;1;                    ;                    ;                    ;granit@granit.com;;1;;geonet.png;2;3;1;5;dd-MM-yyyy;hh:mm:ss 24h;2;M011;BCC821D3-B049-4D51-9BFA-97C0F0BECAFC;NULL;0;0;0;NULL
58;Љонде;1;Prilep;1;048413910           ;070259079           ;                    ;ljonde1@yahoo.com;;1;;geonet.png;2;3;1;5;dd-MM-yyyy;hh:mm:ss 24h;2;M011;66E453AC-EB43-457A-8E8A-66AD57C70AEA;NULL;0;0;0;NULL
59;Бис Оил;1;seavus;1;022401000           ;070276585           ;                    ;local@seavus.com;;1;;geonet.png;2;3;1;5;dd-MM-yyyy;hh:mm:ss 24h;2;M011;94A06209-28B6-4225-AE6B-EDE417A6D28E;NULL;0;0;0;NULL
60;Laura Cosmetics;1;unknown;1;3200000             ;070000001           ;                    ;laura@yahoo.com;;1;;geonet.png;2;3;1;5;dd-MM-yyyy;hh:mm:ss 24h;2;M011;96B863DA-5160-4C55-A481-445A7BB56C4A;NULL;0;0;0;NULL
61;ACTIFF;1;;1;                    ;                    ;                    ;actiff@yahoo.com;;1;;geonet.png;2;3;1;5;dd-MM-yyyy;hh:mm:ss 24h;2;M011;8C6FCCD0-0056-4247-B89A-C2C0F3E03ABF;NULL;0;0;0;NULL
62;МАСТЕРБЕТ;1;;1;                    ;                    ;                    ;makoten@yahoo.com;;1;;geonet.png;2;3;1;5;dd-MM-yyyy;hh:mm:ss 24h;2;M011;316EF321-5A7D-4850-9C3B-63A8434C8AE1;NULL;0;0;0;NULL
63;MEDIA DOO;1;;1;                    ;                    ;                    ;mediadoo@yahoo.com;;1;;geonet.png;2;3;1;5;dd-MM-yyyy;hh:mm:ss 24h;2;M011;BB6CF4CA-ED90-4F4F-B37A-F79BFC63F582;NULL;0;0;0;NULL
64;Глобал Плус;1;;1;                    ;                    ;                    ;global@yahoo.com;;1;;geonet.png;2;3;1;5;dd-MM-yyyy;hh:mm:ss 24h;2;M011;03123A12-A09D-4806-BC2E-BEBAE41A7B4D;NULL;0;0;0;NULL
65;Мобимак;1;q;1;1                   ;1                   ;                    ;1@go.v;;1;;geonet.png;2;3;1;5;dd-MM-yyyy;hh:mm:ss 24h;2;M011;F33B3177-8FD8-4179-9852-40CAAADD78C4;NULL;0;0;0;NULL
66;Торус;1;;1;                    ;                    ;                    ;torus@yahoo.com;;1;;geonet.png;2;3;1;5;dd-MM-yyyy;hh:mm:ss 24h;2;M011;F710771A-1BA2-4235-91F7-97D3BCD231B4;NULL;0;0;0;NULL
67;РУДИНЕ;1;;1;                    ;                    ;                    ;rudine@yahoo.com;;1;;geonet.png;2;3;1;5;dd-MM-yyyy;hh:mm:ss 24h;2;M011;49B1A82B-49F0-4115-BB30-F714407F96D7;NULL;0;0;0;NULL
68;IMC;1;;1;                    ;                    ;                    ;imc@yahoo.com;;1;;geonet.png;2;3;1;5;dd-MM-yyyy;hh:mm:ss 24h;2;M011;FAD3ED2A-D904-48D2-91D6-D971F8FA8958;NULL;0;0;0;NULL
69;ЈСП Актуел;1;;1;                    ;                    ;                    ;jsp@yahoo.com;;1;;geonet.png;2;3;1;5;dd-MM-yyyy;hh:mm:ss 24h;2;M011;9B29484E-0377-4AC1-8FCF-3181603FB5AF;NULL;0;0;0;NULL
71;Предраг Тасиќ;1;;1;                    ;070358805           ;                    ;pt@com;;1;;geonet.png;2;3;1;5;dd-MM-yyyy;hh:mm:ss 24h;2;M011;C1B73F26-5A9C-41DF-8068-E9D578FCB252;NULL;0;0;0;NULL
72;Тома Проја;1;;1;                    ;075227772           ;                    ;????;;1;;geonet.png;2;3;1;5;dd-MM-yyyy;hh:mm:ss 24h;2;M011;2A90E553-B919-4BF1-96D6-2643A4F61447;NULL;0;0;0;NULL
73;Lek Skopje;1;;1;                    ;                    ;                    ;nema;;1;;geonet.png;2;3;1;5;dd-MM-yyyy;hh:mm:ss 24h;2;M011;8378F467-6304-44CC-94D3-8CD1DB054DAB;NULL;0;0;0;NULL
74;МИТ ИНДУСТРИЈА;1;;1;                    ;                    ;                    ;nema;;1;;geonet.png;2;3;1;5;dd-MM-yyyy;hh:mm:ss 24h;2;M011;00220783-A240-4480-A4E2-4FB4A0A33E32;NULL;0;0;0;NULL
75;Дистрибуција;1;;1;                    ;                    ;                    ;nema;;1;;geonet.png;2;3;1;5;dd-MM-yyyy;hh:mm:ss 24h;2;M011;A78CF79F-D972-4641-A913-C04729FD1584;NULL;0;0;0;NULL
76;НЛБ - Тутунска Банка;1;;1;                    ;070 330721          ;                    ;nema;;1;;geonet.png;2;3;1;5;dd-MM-yyyy;hh:mm:ss 24h;2;M011;9A14D8FB-B761-4123-B3D7-F394D5F06D64;NULL;0;0;0;NULL
77;Хари Транспорт;1;;1;                    ;                    ;                    ;nema;;1;;geonet.png;2;3;1;5;dd-MM-yyyy;hh:mm:ss 24h;2;M011;F1712073-08DE-4FE0-A2E7-C6713D94270B;NULL;0;0;0;NULL
78;MEGA;1;;1;                    ;                    ;                    ;nema;;1;;geonet.png;2;3;1;5;dd-MM-yyyy;hh:mm:ss 24h;2;M011;F671AC94-1C34-41A4-A5FB-FE8C866F4801;NULL;0;0;0;NULL
79;Цетранс;1;;1;                    ;070205404           ;                    ;cetrans@cetrans.com.mk;;1;;geonet.png;2;3;1;5;dd-MM-yyyy;hh:mm:ss 24h;2;M011;4CE52A3C-6E07-4EAA-BFB9-EC3DF092B16A;NULL;0;0;0;NULL
80;Фиго Транспорт;1;Ул Улоф Палме 24-1/4 ;1;                    ;                    ;                    ;goran.janevski@horizontsk.com.mk;;1;;geonet.png;2;3;1;5;dd-MM-yyyy;hh:mm:ss 24h;2;M011;5C36B799-808B-4C4C-BBB1-9F81C6A3D404;NULL;0;0;0;NULL
81;Наум Велковски;1;;1;                    ;                    ;                    ;nema;;1;;geonet.png;2;3;1;5;dd-MM-yyyy;hh:mm:ss 24h;2;M011;14183DB3-5B1F-476B-A0CD-29AB056E4A6B;NULL;0;0;0;NULL
82;Ренова;1;;1;                    ;                    ;                    ;nema;;1;;geonet.png;2;3;1;5;dd-MM-yyyy;hh:mm:ss 24h;2;M011;1B366A21-3AA9-4AB2-B73D-BA433778B06E;NULL;0;0;0;NULL
83;Фени Индустрија;1;;1;                    ;                    ;                    ;nema;;1;;geonet.png;2;3;1;5;dd-MM-yyyy;hh:mm:ss 24h;2;M011;BF778AE6-7502-418C-9A37-772665FCC0E7;NULL;0;0;0;NULL
84;Македонски Пошти;1;;1;                    ;                    ;                    ;nema;;1;;geonet.png;2;3;1;5;dd-MM-yyyy;hh:mm:ss 24h;2;M011;883FB473-7155-4AA7-910B-E7AA8F9F8378;NULL;0;0;0;NULL
85;Seavus;1;;1;                    ;                    ;                    ;nema;;1;;geonet.png;2;3;1;5;dd-MM-yyyy;hh:mm:ss 24h;2;M011;099F7200-FBC4-4CAA-9A55-674339498B9B;NULL;0;0;0;NULL
86;Цермат - Стар Корисник;1;;1;                    ;                    ;                    ;nema;;1;;geonet.png;2;3;1;5;dd-MM-yyyy;hh:mm:ss 24h;2;M011;FC9762C4-E0B0-46F6-B3F4-E80AEE259864;NULL;0;0;0;NULL
87;IMC1;1;;1;                    ;                    ;                    ;nema;;1;;geonet.png;2;3;1;5;dd-MM-yyyy;hh:mm:ss 24h;2;M011;4DAF4913-236D-4E9C-8DD4-6167EFFF98BF;NULL;0;0;0;NULL
88;ЕВРО-ШПЕД;1;;1;                    ;                    ;                    ;????;;1;;geonet.png;2;3;1;5;dd-MM-yyyy;hh:mm:ss 24h;2;M011;630D4ED4-CDDB-4690-8389-9BDAA692326B;NULL;0;0;0;NULL
89;Либра1;1;;1;                    ;                    ;                    ;????;;1;;geonet.png;2;3;1;5;dd-MM-yyyy;hh:mm:ss 24h;2;M011;C9F5F4ED-C707-49CE-A80A-4F934C2A0860;NULL;0;0;0;NULL
90;Нерц;1;;1;                    ;                    ;                    ;nema;;1;;geonet.png;2;3;1;5;dd-MM-yyyy;hh:mm:ss 24h;2;M011;442C70C1-CB38-4C63-89A9-725348434A53;NULL;0;0;0;NULL
91;Џокер Компани;2;;7;                    ;                    ;                    ;nema;;1;;geonet.png;2;3;1;5;dd-MM-yyyy;hh:mm:ss 24h;2;M011;80C7E3DB-D249-4BA3-86AA-02276CFEA740;NULL;1;0;0;NULL
92;Веднаш;2;;7;                    ;                    ;                    ;????;;1;;geonet.png;2;3;1;5;dd-MM-yyyy;hh:mm:ss 24h;3;M011;CB76A118-CEEB-4C80-AF81-60763B1FA74F;NULL;0;0;0;NULL
93;Гранд Експорт;1;;1;                    ;                    ;                    ;nema;;1;;geonet.png;2;3;1;5;dd-MM-yyyy;hh:mm:ss 24h;2;M011;57ADECDC-12BC-4502-9821-64689989DB16;NULL;0;0;0;NULL
94;Kri-Kri;1;;1;                    ;                    ;                    ;nema;;1;;geonet.png;2;3;1;5;dd-MM-yyyy;hh:mm:ss 24h;2;M011;5DC5249E-3F8A-48F2-AD64-5ADFD1624DD6;NULL;0;0;0;NULL
95;Варност;1;;1;                    ;                    ;                    ;nema;;1;;geonet.png;2;3;1;5;dd-MM-yyyy;hh:mm:ss 24h;2;M011;7777A791-14C1-4079-8066-7E029026F86B;NULL;1;0;0;NULL
96;Taxi Tetovo;1;;8;                    ;                    ;                    ;N/A;;1;;geonet.png;2;3;1;5;dd-MM-yyyy;hh:mm:ss 24h;2;M011;DE9456CE-9183-4057-8D56-C6CAB03CB787;NULL;0;0;0;NULL
97;Жито Вардар;1;;1;                    ;                    ;                    ;unknown@unknown.com.mk;;1;;geonet.png;2;3;1;5;dd-MM-yyyy;hh:mm:ss 24h;2;M011;D08778EB-E199-4DD4-BA98-9778FC45082C;NULL;0;0;0;NULL
98;GpsKosovo;1;;1;                    ;                    ;                    ;nema;;1;;geonet.png;2;3;1;5;dd-MM-yyyy;hh:mm:ss 24h;2;M011;1E936A84-B1C3-401C-856F-9DB2DCFAA8AB;NULL;0;0;0;NULL
99;OSCE;1;;1;                    ;                    ;                    ;nema;;1;;geonet.png;2;3;1;5;dd-MM-yyyy;hh:mm:ss 24h;2;M011;AB21200D-A7DD-4E61-BD40-A285FB595478;NULL;0;0;0;NULL
104;Ne brisi;1;1234;1;1234                ;1234                ;                    ;na;;1;;geonet.png;2;3;1;5;dd-MM-yyyy;hh:mm:ss 24h;2;M011;6543C0EF-DD91-4FA7-B908-B3E1680FB467;NULL;0;0;0;NULL
105;Такси Дав-02;2;;11;                    ;                    ;                    ;gordana_sekulova@yahoo.com;;1;;geonet.png;2;3;1;5;dd-MM-yyyy;hh:mm:ss 24h;2;M011;F5158A8B-AF3A-4883-A032-624CA13592E4;NULL;1;0;0;NULL
106;Сеавус-Геонет;1;;1;                    ;                    ;                    ;????;;1;;geonet.png;2;3;1;5;dd-MM-yyyy;hh:mm:ss 24h;2;M011;3A0C347F-5D25-4600-ABD8-5CF4B65A185A;NULL;0;0;0;NULL
107;MAMBO;2;;1;                    ;                    ;                    ;nema;;1;;geonet.png;2;3;1;5;dd-MM-yyyy;hh:mm:ss 24h;2;M011;B0F8FEBB-E3F3-4653-88D3-BBF471E55328;NULL;0;0;0;NULL
108;SIKST;1;;1;                    ;                    ;                    ;nema;;1;;geonet.png;2;3;1;5;dd-MM-yyyy;hh:mm:ss 24h;2;M011;67A6BD23-E014-4747-AC18-4DB1C818753E;NULL;0;0;0;NULL
109;Такси Мега;2;;1;                    ;                    ;                    ;nema;;1;;geonet.png;2;3;1;5;dd-MM-yyyy;hh:mm:ss 24h;2;M011;F269D29B-0B3B-41F1-A323-1C914345F3C5;NULL;1;0;0;NULL
110;Витаминка АД Прилеп;1;;1;                    ;070208070           ;                    ;sn@vitaminka.com.mk;;1;;geonet.png;2;3;1;5;dd-MM-yyyy;hh:mm:ss 24h;2;M011;5C0BD91E-4AAB-40E9-B378-0B0E1F6A5A5D;NULL;1;0;0;NULL
111;Alfa;1;;1;                    ;                    ;                    ;nema;;1;;geonet.png;2;3;1;5;dd-MM-yyyy;hh:mm:ss 24h;2;M011;25BB4BB5-69CC-4F34-BF2A-DF115F0646BF;NULL;0;0;0;NULL
112;Ровита Ронхил;1;;1;                    ;                    ;                    ;nema;;1;;geonet.png;2;3;1;5;dd-MM-yyyy;hh:mm:ss 24h;2;M011;0B553FE8-3DB0-4AD6-89DD-BA9FC9C4762B;NULL;0;0;0;NULL
113;Стојковиќ ДООЕЛ;1;;1;                    ;                    ;                    ;nema;;1;;geonet.png;2;3;1;5;dd-MM-yyyy;hh:mm:ss 24h;2;M011;56DA4CFC-463D-4939-9EA7-A210ACB767E2;NULL;0;0;0;NULL
114;Свете Крстиќ;1;;1;                    ;                    ;                    ;N/A;;1;;geonet.png;2;3;1;5;dd-MM-yyyy;hh:mm:ss 24h;2;M011;9D0E0ED9-9F06-45EC-98F4-3FA1E24FA8D3;NULL;1;0;0;NULL
115;Алма-М;1;;1;                    ;                    ;                    ;nema;;1;;geonet.png;2;3;1;5;dd-MM-yyyy;hh:mm:ss 24h;2;M011;F9691783-B4B4-4FA3-99B6-07B91EEB16D5;NULL;0;0;0;NULL
116;Делукс Дооел;2;;2;                    ;                    ;                    ;????;;1;;geonet.png;2;3;1;5;dd-MM-yyyy;hh:mm:ss 24h;2;M011;D623F1DD-D648-4814-B091-454A16083A7E;NULL;0;0;0;NULL
117;Урбан Инвест;1;;1;                    ;                    ;                    ;????;;1;;geonet.png;2;3;1;5;dd-MM-yyyy;hh:mm:ss 24h;2;M011;8D40DBDB-0976-4822-A2CA-93AACFCA49A7;NULL;0;0;0;NULL
118;НАС МБД;1;;1;                    ;                    ;                    ;nema;;1;;geonet.png;2;3;1;5;dd-MM-yyyy;hh:mm:ss 24h;2;M011;C62CA844-6B0D-4F98-8AE9-B1335169BB98;NULL;0;0;0;NULL
119;Градски Паркинг;2;;1;                    ;                    ;                    ;nema;;1;;geonet.png;2;3;1;5;dd-MM-yyyy;hh:mm:ss 24h;2;M011;A090CB03-7B66-4141-B77D-660215B4AD72;NULL;0;0;0;NULL
120;МВР РМ;1;;1;                    ;                    ;                    ;????;;1;;geonet.png;2;3;1;5;dd-MM-yyyy;hh:mm:ss 24h;2;M011;AB4D61A3-DF16-4266-A598-89EFB23C0BA5;NULL;0;0;0;NULL
121;Демо Компанија;1;Ул.Орце Николов бб;14;                    ;                    ;                    ;nema;;1;;geonet.png;2;3;1;5;dd-MM-yyyy;hh:mm:ss 24h;2;M011;41D78934-3EDA-4A82-A2FD-3F9732BDFD74;NULL;0;0;0;NULL
122;Инвест Дика;2;;10;                    ;                    ;                    ;nema;;1;;geonet.png;2;3;1;5;dd-MM-yyyy;hh:mm:ss 24h;2;M011;47F805CB-6758-47A9-8818-9D8148E474EF;NULL;0;0;0;NULL
123;ПЕРПЕТУУМОБИЛЕ;1;;1;                    ;                    ;                    ;nema;;1;;geonet.png;2;3;1;5;dd-MM-yyyy;hh:mm:ss 24h;2;M011;53D444B7-0694-464E-9CE6-86DCBAB3AC0C;NULL;0;0;0;NULL
124;Крин Производство;1;;1;                    ;                    ;                    ;????;;1;;geonet.png;2;3;1;5;dd-MM-yyyy;hh:mm:ss 24h;2;M011;79590775-102C-40C6-B94F-7B2F6B170944;NULL;0;0;0;NULL
125;Такси Гатакс;2;нема;12;????                ;????                ;                    ;????;;1;;geonet.png;2;3;1;5;dd-MM-yyyy;hh:mm:ss 24h;2;M011;DA4ECD4F-3ADB-4612-A80F-CECBD8A951BD;NULL;0;0;0;NULL
126;САРАМЕД;1;;1;                    ;                    ;                    ;stevsara@mt.net.mk;;1;;geonet.png;2;3;1;5;dd-MM-yyyy;hh:mm:ss 24h;2;M011;B7A7F3E9-F580-408C-A19E-C1415051405E;NULL;0;0;0;NULL
127;САВАОТ ГРЕЈС;1;;1;                    ;                    ;                    ;nema;;1;;geonet.png;2;3;1;5;dd-MM-yyyy;hh:mm:ss 24h;2;M011;D8ED0756-D0D1-4AEC-8966-6791AE808DD6;NULL;1;0;0;NULL
128;ТРАНС СИМОН;1;;1;                    ;                    ;                    ;transsimon@yahoo.com;;1;;geonet.png;2;3;1;5;dd-MM-yyyy;hh:mm:ss 24h;2;M011;E7417A41-0E0E-4C01-A8E7-67DB662D983B;NULL;0;0;0;NULL
129;Хак Комерц Такси;2;нема;8;????                ;????                ;                    ;????;;1;;geonet.png;2;3;1;5;dd-MM-yyyy;hh:mm:ss 24h;2;M011;8646616C-7957-4233-8087-A4C3A1BBD20C;NULL;1;0;0;NULL
130;Зоки Комерц;2;;8;                    ;                    ;                    ;????;;1;;geonet.png;2;3;1;5;dd-MM-yyyy;hh:mm:ss 24h;2;M011;CADF6081-FB0B-4ED8-B3B1-D1C7626241AE;NULL;1;0;0;NULL
131;ЈСП;1;;1;                    ;                    ;                    ;nema;;1;;geonet.png;2;3;1;5;dd-MM-yyyy;hh:mm:ss 24h;2;M011;EC4650E8-D29C-4B40-BE2A-86584C056D99;NULL;0;0;0;NULL
132;Такси Бубамара;1;;7;                    ;                    ;                    ;taxi.bubamara@gmail.com;;1;;geonet.png;2;3;1;5;dd-MM-yyyy;hh:mm:ss 24h;2;M011;E9B4937B-B2EA-4BC0-A10E-A5E6C76F59CC;NULL;0;0;0;NULL
133;Бени Мема;2;;8;                    ;                    ;                    ;????;;1;;geonet.png;2;3;1;5;dd-MM-yyyy;hh:mm:ss 24h;2;M011;9DEF3DA1-A9BA-481A-B778-D1E0960C826A;NULL;1;0;0;NULL
134;Такси Ало;2;;8;                    ;                    ;                    ;????;;1;;geonet.png;2;3;1;5;dd-MM-yyyy;hh:mm:ss 24h;2;M011;FFF4BF25-C8A8-45B5-9804-90388312D494;NULL;0;0;0;NULL
135;Хак Комерц;1;;8;                    ;                    ;                    ;????;;1;;geonet.png;2;3;1;5;dd-MM-yyyy;hh:mm:ss 24h;2;M011;CD66D7CA-77C6-49F7-BEE3-B22BDDEF56BC;NULL;0;0;0;NULL
136;Кола Дистрибуција;1;;1;                    ;                    ;                    ;zarko@kola.com.mk;;1;;geonet.png;2;3;1;5;dd-MM-yyyy;hh:mm:ss 24h;2;M011;ADA4E67E-4F1B-43AF-A397-6C74B3DC1FB5;NULL;1;1;0;NULL
138;ЦАД ДООЕЛ;1;;1;                    ;                    ;                    ;nema;;1;;geonet.png;2;3;1;5;dd-MM-yyyy;hh:mm:ss 24h;2;M011;00015A43-AE6B-40C3-9894-D7CE27B87FF2;NULL;0;0;0;NULL
140;ЈСП Турс;1;;1;                    ;                    ;                    ;nema;;1;;geonet.png;2;3;1;5;dd-MM-yyyy;hh:mm:ss 24h;2;M011;98318DA3-9A13-401C-857F-F3826BC9038E;NULL;0;0;0;NULL
141;Руле Турс;1;;1;                    ;                    ;                    ;nema;;1;;geonet.png;2;3;1;5;dd-MM-yyyy;hh:mm:ss 24h;2;M011;FE2EACE9-0D9B-420A-B021-E2F2C513BA7C;NULL;0;0;0;NULL
142;Seavus Geonet;1;;1;                    ;                    ;                    ;?????? ??????;;1;;geonet.png;2;3;1;5;dd-MM-yyyy;hh:mm:ss 24h;2;M011;8F261FF0-B69C-4C9C-AE62-03CE60A41913;NULL;0;0;0;NULL
143;Геонет;1;;1;                    ;                    ;                    ;n.s.;;1;;geonet.png;2;3;1;5;dd-MM-yyyy;hh:mm:ss 24h;2;M011;20848143-5673-494F-B4F8-D79170AF93FC;NULL;0;0;0;NULL
144;Omega;1;;1;                    ;                    ;                    ;test@test.com;;1;;geonet.png;2;3;1;5;dd-MM-yyyy;hh:mm:ss 24h;2;M011;0307DF81-4E5B-4010-BD40-1CE0C0473B3E;NULL;0;0;0;NULL
145;HTL;1;;1;                    ;                    ;                    ;test@test.com;;1;;geonet.png;2;3;1;5;dd-MM-yyyy;hh:mm:ss 24h;2;M011;D7236D0B-7271-414B-9F22-142440050C70;NULL;0;0;0;NULL
146;Интерник;1;;1;                    ;070303501           ;                    ;email@email.com;;1;;geonet.png;2;3;1;5;dd-MM-yyyy;hh:mm:ss 24h;2;M011;62A192AC-D53B-4F7C-9863-E82BD08321A0;NULL;0;0;0;NULL
147;Славе Такси;2;;8;                    ;                    ;                    ;taxy_boy_macedonia@live.com;;1;;geonet.png;2;3;1;5;dd-MM-yyyy;hh:mm:ss 24h;2;M011;E4704754-6207-4E6E-BEA9-77EB7A44082D;NULL;1;0;0;NULL
148;Такси 1581;2;;3;0481581             ;                    ;                    ;pecedimeski@yahoo.com;;1;;geonet.png;2;3;1;5;dd-MM-yyyy;hh:mm:ss 24h;2;M011;F0929C03-4796-4C98-975C-B629D6A432C2;NULL;1;0;0;NULL
153;Такси 1573;2;;3;                    ;                    ;                    ;valeks_96@yahoo.com;;1;;geonet.png;2;3;1;5;dd-MM-yyyy;hh:mm:ss 24h;2;M011;592C705E-8FCC-4705-8EE6-2D50621A4704;NULL;1;0;0;NULL
154;Демо компанија;2;;1;15157               ;                    ;                    ;contact@lotustransport.com;;1;;geonet.png;2;3;1;5;dd-MM-yyyy;hh:mm:ss 24h;2;M011;432C502A-6278-431C-ACA3-CA44A28CDD25;NULL;1;1;0;NULL
156;Чепер;2;;14;                    ;                    ;                    ;nema;;1;;geonet.png;2;3;1;5;dd-MM-yyyy;hh:mm:ss 24h;2;M011;B88E66A8-6842-4980-B046-7D4BB4B0AE14;NULL;0;0;0;NULL
157;БетСити Балкан;1;;1;                    ;                    ;                    ;nema nema;;1;;geonet.png;2;3;1;5;dd-MM-yyyy;hh:mm:ss 24h;2;M011;AC7861D6-DDE8-4B46-B1E2-B650ABBC79DA;NULL;1;0;0;NULL
158;Такси ОК;2;;7;0431566             ;                    ;                    ;nema nema;;1;;geonet.png;2;3;1;5;dd-MM-yyyy;hh:mm:ss 24h;2;M011;565D8E75-B482-4A06-ACB8-6965649211E4;NULL;0;0;0;NULL
159;АвтоРиа;2;;14;                    ;                    ;                    ;jovanco@riaholding.com;;1;;geonet.png;2;3;1;5;dd-MM-yyyy;hh:mm:ss 24h;2;M011;C460C7B9-684F-481C-832D-259617CD52CF;NULL;0;0;0;NULL
160;Такси Цило;2;;16;043365365 Centrala  ;075394164           ;                    ;nema;;1;;geonet.png;2;3;1;5;dd-MM-yyyy;hh:mm:ss 24h;2;M011;B6377A84-92C9-40C9-873B-7FF75BCAE265;NULL;1;0;0;NULL
161;UNDP;1;;1;                    ;                    ;                    ;nema;;1;;geonet.png;2;3;1;5;dd-MM-yyyy;hh:mm:ss 24h;2;M011;5351D9D6-39D2-4CAF-90EF-9F7E262C2ED8;NULL;0;0;0;NULL
162;Стара Бима;2;;2;076475463           ;031430211           ;                    ;qwerty;;1;;geonet.png;2;3;1;5;dd-MM-yyyy;hh:mm:ss 24h;2;M011;B30F6191-EBBA-419F-9136-F441F23813BB;NULL;1;0;0;NULL
163;Такси Монгол;2;;14;                    ;076578083           ;                    ;nema;;1;;geonet.png;2;3;1;5;dd-MM-yyyy;hh:mm:ss 24h;2;M011;63385EEF-73CA-4629-B399-71F71ED9A99B;NULL;1;0;0;NULL
180;Авто школа АМСМ;2;;1;                    ;                    ;                    ;nema;;1;;geonet.png;2;3;1;5;dd-MM-yyyy;hh:mm:ss 24h;2;M011;FDCD8F49-896C-4117-9B91-822916CA9856;NULL;0;0;0;NULL
183;GeoNet;1;;1;                    ;                    ;                    ;nema;;1;;geonet.png;2;3;1;5;dd-MM-yyyy;hh:mm:ss 24h;2;M011;1C01684A-C04A-43C1-9525-0423F3D995A5;NULL;0;0;0;NULL
184;Солекс;1;;1;                    ;077 910 182         ;                    ;misoleks@yahoo.com;;1;;geonet.png;2;3;1;5;dd-MM-yyyy;hh:mm:ss 24h;2;M011;E816E535-970E-4A87-9B55-A5788DE89D99;NULL;0;0;0;NULL
185;Видео Дата;1;;1;                    ;070 393863          ;                    ;nema;;1;;geonet.png;2;3;1;5;dd-MM-yyyy;hh:mm:ss 24h;2;M011;92834A84-AAC8-4C77-9BAB-6647644A1FA2;NULL;0;0;0;NULL
186;Такси Викни;2;;7;                    ;071219568           ;                    ;nema;;1;;geonet.png;2;3;1;5;dd-MM-yyyy;hh:mm:ss 24h;2;M011;61A0940B-DF37-4247-84D8-8BB3843E8183;NULL;0;0;0;NULL
187;Т-Мобиле;1;;1;                    ;                    ;                    ;nema;;1;;geonet.png;2;3;1;5;dd-MM-yyyy;hh:mm:ss 24h;2;M011;9020BDEB-2F93-4C4A-973E-66C2E62FD9EC;NULL;0;0;0;NULL
188;Алутерм;1;;1;                    ;                    ;                    ;nema;;1;;geonet.png;2;3;1;5;dd-MM-yyyy;hh:mm:ss 24h;2;M011;7B5819D6-CCA4-47A4-9EAC-D2786AC44B2F;NULL;0;0;0;NULL
189;Виталиа;1;;1;                    ;070311188           ;                    ;dimitarv@vitalia.com.mk;;1;;geonet.png;2;3;1;5;dd-MM-yyyy;hh:mm:ss 24h;2;M011;123777C6-9367-4D4A-875A-98B940D04A2B;NULL;0;0;0;NULL
190;Транспорт Нова;2;;17;070 249 303         ;                    ;                    ;direktorot@gmail.com;;1;;geonet.png;2;3;1;5;dd-MM-yyyy;hh:mm:ss 24h;2;M011;6157C564-90B1-4EF8-B331-CC0B86C99F1F;NULL;0;0;0;NULL
191;Бис Оил Живо;1;;1;                    ;                    ;                    ;local@seavus.com;;1;;geonet.png;2;3;1;5;dd-MM-yyyy;hh:mm:ss 24h;2;M011;42AAF171-15E8-4C39-9973-B5D4EC5769C2;NULL;0;0;0;NULL
192;Сити Кар;1;;1;                    ;070 378 600         ;                    ;zoran@citycar.com.mk;;1;;geonet.png;2;3;1;5;dd-MM-yyyy;hh:mm:ss 24h;2;M011;9B2C6E9E-D723-46DB-9CC6-A083F313865B;NULL;0;0;0;NULL
193;Гемак;1;;1;                    ;075 225 250         ;                    ;samir.maliqi@gemak.com.mk;;1;;geonet.png;2;3;1;5;dd-MM-yyyy;hh:mm:ss 24h;2;M011;8ADD9AB8-93F0-46DE-8FFB-E9CB879D06F9;NULL;1;0;0;NULL
194;Д-р.Пановски;1;;1;                    ;                    ;                    ;-;;1;;geonet.png;2;3;1;5;dd-MM-yyyy;hh:mm:ss 24h;2;M011;D065D095-F44F-46B7-A604-39DE4FC36456;NULL;0;0;0;NULL
195;Грузија;1;;22;                    ;                    ;                    ;-;;1;;geonet.png;2;3;1;5;dd-MM-yyyy;hh:mm:ss 24h;2;M011;935FAFE1-7054-41CC-9C05-0E4A55EFB546;NULL;0;0;0;NULL
196;Блек Шмек;2;;11;                    ;                    ;                    ;kd.blackschmeck@gmail.com;;1;;geonet.png;2;3;1;5;dd-MM-yyyy;hh:mm:ss 24h;2;M011;A8289116-0A02-432D-9A42-2C35AE68CC95;NULL;0;0;0;NULL
197;Техно импекс;1;;1;                    ;                    ;                    ;tehnoimpeks@tehnoimpeks.com.mk;;1;;geonet.png;2;3;1;5;dd-MM-yyyy;hh:mm:ss 24h;2;M011;10304951-7B66-4584-90FC-27E23F3D502A;NULL;0;0;0;NULL
198;МА Гаминг;1;;1;                    ;                    ;                    ;avidoevska@novomatic.com;;1;;geonet.png;2;3;1;5;dd-MM-yyyy;hh:mm:ss 24h;2;M011;A38A6889-088F-4837-8D25-E7A4F79FD613;NULL;0;0;0;NULL
199;Далас;2;;15;042 1581            ;075 215 573         ;                    ;gajurismaili@yahoo.com;;1;;geonet.png;2;3;1;5;dd-MM-yyyy;hh:mm:ss 24h;2;M011;5F00909A-56A2-486A-A9F8-1D2A307BB32F;NULL;0;0;0;NULL
200;Бел мерцедес;2;;17;                    ;046263807           ;                    ;nema;;1;;geonet.png;2;3;1;5;dd-MM-yyyy;hh:mm:ss 24h;2;M011;3085A427-89A6-4130-953A-2466AEFB72A3;NULL;1;0;0;NULL
201;Саманта;1;;1;                    ;                    ;                    ;marjanco@samantha.com.mk;;1;;geonet.png;2;3;1;5;dd-MM-yyyy;hh:mm:ss 24h;2;M011;33D6BD26-3192-458D-A4AE-E7124F3C1ADE;NULL;0;0;0;NULL
202;Краш;1;;1;                    ;                    ;                    ;nema;;1;;geonet.png;2;3;1;5;dd-MM-yyyy;hh:mm:ss 24h;2;M011;A249506B-1F52-428C-B73C-ABCD4F17219E;NULL;1;0;0;NULL
203;Бонум;1;;1;                    ;                    ;                    ;nema;;1;;geonet.png;2;3;1;5;dd-MM-yyyy;hh:mm:ss 24h;2;M011;18EAE585-00D8-4F36-8CAB-6A96DD37B2E9;NULL;0;0;0;NULL
204;Сузуки;2;;17;                    ;                    ;                    ;suzukimt@t-home.mk;;1;;geonet.png;2;3;1;5;dd-MM-yyyy;hh:mm:ss 24h;2;M011;9FAFF11B-A7BB-4867-A795-7EBFED2E7BEF;NULL;1;0;0;NULL
206;Стеком;2;;10;                    ;                    ;                    ;nema;;1;;geonet.png;2;3;1;5;dd-MM-yyyy;hh:mm:ss 24h;2;M011;FBC8E0DF-D63C-43E7-9B46-CD9147D6A1AA;NULL;1;0;0;NULL
207;Љапка;2;;8;                    ;                    ;                    ;nema;;1;;geonet.png;2;3;1;5;dd-MM-yyyy;hh:mm:ss 24h;2;M011;262464AF-7385-402A-9092-A7BBD0936EA2;NULL;0;0;0;NULL
208;Еуромилк;1;;1;                    ;                    ;                    ;r.tasev@euromilk.com.mk;;1;;geonet.png;2;3;1;5;dd-MM-yyyy;hh:mm:ss 24h;2;M011;01ED0319-76DA-4EDC-8693-771E148E6C45;NULL;1;0;0;NULL
209;МАСТЕРБЕТ;1;;1;                    ;                    ;                    ;makoten@yahoo.com;;1;;geonet.png;2;3;1;5;dd-MM-yyyy;hh:mm:ss 24h;2;M011;86503AF3-EC61-4151-AE49-438DBB4DD20D;NULL;0;0;0;NULL
225;Комета;2;;7;                    ;070318555           ;                    ;tometrencev@yahoo.com;;1;;geonet.png;2;3;1;5;dd-MM-yyyy;hh:mm:ss 24h;2;M011;5504807E-DF2D-4A03-8D6A-957C4B6384CB;NULL;1;0;0;NULL
226;Екстра;2;;7;                    ;070219219           ;                    ;info@ekstrabus.com;;1;;geonet.png;2;3;1;5;dd-MM-yyyy;hh:mm:ss 24h;2;M011;FC193455-68BC-4BD2-9A21-1EDB71646AE6;NULL;0;0;0;NULL
228;Сокол;2;;23;                    ;                    ;                    ;nema;;1;;geonet.png;2;3;1;5;dd-MM-yyyy;hh:mm:ss 24h;2;M011;1912B10D-FDD3-4135-B01F-E71D7326F884;NULL;0;0;0;NULL
230;Еуро стигма;2;;1;                    ;                    ;                    ;z_nikolovska@yahoo.com;;1;;geonet.png;2;3;1;5;dd-MM-yyyy;hh:mm:ss 24h;2;M011;A716AA93-B6E8-4F4F-8204-A0625213906B;NULL;0;0;0;NULL
231;Свис Лион;1;;1;                    ;                    ;                    ;nema;;1;;geonet.png;2;3;1;5;dd-MM-yyyy;hh:mm:ss 24h;2;M011;88AE850F-8CD4-4337-9800-C0737A26C10A;NULL;0;0;0;NULL
233;Жито Логистика;1;;8;                    ;                    ;                    ;berkantmusli@yahoo.com;;1;;geonet.png;2;3;1;5;dd-MM-yyyy;hh:mm:ss 24h;2;M011;E6A85139-4B8A-4CD1-B020-3AEEF51F7E0E;NULL;0;0;0;NULL
234;Про Елит;2;;19;                    ;                    ;                    ;tina_richie2@hotmail.com;;1;;geonet.png;2;3;1;5;dd-MM-yyyy;hh:mm:ss 24h;2;M011;16252719-A5FD-4626-B21B-FB5169D59C37;NULL;1;0;0;NULL
235;Такси Принц;2;;9;                    ;                    ;                    ;orce_g7@yahoo.com;;1;;geonet.png;2;3;1;5;dd-MM-yyyy;hh:mm:ss 24h;2;M011;5D389038-9259-4C40-9BAA-407D2337B632;NULL;1;0;0;NULL
236;GeoNet;1;;1;                    ;                    ;                    ;marjan.ivanovski@gps.mk;;1;;geonet.png;2;3;1;5;dd-MM-yyyy;hh:mm:ss 24h;2;M011;926FA93B-A332-4D69-BAA4-D83B516A8EE9;NULL;0;0;0;NULL
237;ЈСП Градски Превоз;1;;1;                    ;                    ;                    ;nema;;1;;geonet.png;2;3;1;5;dd-MM-yyyy;hh:mm:ss 24h;2;M011;C1E735AF-1F96-49C6-B128-CBD1934A15B4;NULL;0;0;0;NULL
238;Транспорт Нова Рента;1;;17;                    ;                    ;                    ;direktorot@gmail.com;;1;;geonet.png;2;3;1;5;dd-MM-yyyy;hh:mm:ss 24h;2;M011;479E2EA1-C242-4A64-A25A-9E49C98A2F80;NULL;0;0;0;NULL
239;БетСити Балкан 2;1;;1;                    ;                    ;                    ;nema nema;;1;;geonet.png;2;3;1;5;dd-MM-yyyy;hh:mm:ss 24h;2;M011;256840B0-89E2-4353-8828-A3F0BD133C42;NULL;0;0;0;NULL
240;Мелком;1;;12;                    ;                    ;                    ;viktor@ass.com.mk;;1;;geonet.png;2;3;1;5;dd-MM-yyyy;hh:mm:ss 24h;2;M011;B505814E-8119-4226-B826-111498C60902;NULL;0;0;0;NULL
242;Еуротулс;1;;1;                    ;                    ;                    ;nema;;1;;geonet.png;2;3;1;5;dd-MM-yyyy;hh:mm:ss 24h;2;M011;45B87F35-9D55-4CD7-92DF-401DE2E0A7CC;NULL;1;0;0;NULL
243;Галичица;1;;17;                    ;075 282 201         ;                    ;nnoveski@gmail.com;;1;;geonet.png;2;3;1;5;dd-MM-yyyy;hh:mm:ss 24h;2;M011;107671A7-B4EE-4BF4-8031-856FB7286000;NULL;0;0;0;NULL
245;Тест;1;;1;                    ;                    ;                    ;nema;;1;;geonet.png;2;3;1;5;dd-MM-yyyy;hh:mm:ss 24h;2;M011;A4E955AA-E52F-448F-BFD9-C6410E8F08E9;NULL;0;0;0;NULL
246;Мис Глобус;1;;1;                    ;                    ;                    ;stefce@hotmail.com;;1;;geonet.png;2;3;1;5;dd-MM-yyyy;hh:mm:ss 24h;2;M011;8CF62A1B-9BEB-41A7-A3B5-7A63A3F0648B;NULL;1;0;0;NULL
247;Пик КО;1;;1;                    ;                    ;                    ;valentina.nakovska@pic-co.com.mk;;1;;geonet.png;2;3;1;5;dd-MM-yyyy;hh:mm:ss 24h;2;M011;71289931-8B5A-4523-B318-FCE024312FE3;NULL;1;0;0;NULL
248;6-ти Ноември;1;;24;                    ;                    ;                    ;sestinoemvri@t-home.mk;;1;;geonet.png;2;3;1;5;dd-MM-yyyy;hh:mm:ss 24h;2;M011;B4F80223-501A-4B59-88F9-9410BB7A4F59;NULL;0;0;0;NULL
249;Такси 77;2;;8;                    ;                    ;                    ;nema;;1;;geonet.png;2;3;1;5;dd-MM-yyyy;hh:mm:ss 24h;2;M011;47DAA623-0F17-4D66-A87D-18B3AF85A11E;NULL;1;0;0;NULL
250;Делукс ЕМ;2;;9;                    ;                    ;                    ;igorfpa@t-home.mk;;1;;geonet.png;2;3;1;5;dd-MM-yyyy;hh:mm:ss 24h;2;M011;0FC0104D-D1CF-491A-82C2-3E67709C3053;NULL;0;0;0;NULL
251;Виножито ВБ;2;;7;                    ;                    ;                    ;nema;;1;;geonet.png;2;3;1;5;dd-MM-yyyy;hh:mm:ss 24h;2;M011;D14D7DF4-FE6F-4469-BC73-6F30C48C5D0E;NULL;0;0;0;NULL
252;Вип Плус;2;;17;                    ;                    ;                    ;vip.plus.ohrid@gmail.com;;1;;geonet.png;2;3;1;5;dd-MM-yyyy;hh:mm:ss 24h;2;M011;4C565C05-BF74-4603-9F9E-C81B2474A515;NULL;1;0;0;NULL
253;РЕК Битола;1;;25;                    ;                    ;                    ;nema;;1;;geonet.png;2;3;1;5;dd-MM-yyyy;hh:mm:ss 24h;2;M011;B7D96F53-57FC-4F6D-966C-D3835B6B11EF;NULL;0;0;0;NULL
254;Тест;1;;1;                    ;                    ;                    ;nema;;1;;geonet.png;2;3;1;5;dd-MM-yyyy;hh:mm:ss 24h;2;M011;BC971F0E-E1A0-478E-A294-051243DF316B;NULL;0;0;0;NULL
255;Скопски Маратон;1;;1;                    ;                    ;                    ;????;;1;;geonet.png;2;3;1;5;dd-MM-yyyy;hh:mm:ss 24h;2;M011;753E9C58-837C-4DAC-84C2-F3E178C3E346;NULL;1;0;0;NULL
256;Илирија;1;;1;Ljupco Magacin      ;Ljupco 070390518    ;                    ;ilirija-intl@ilirija.com.mk;;1;;geonet.png;2;3;1;5;dd-MM-yyyy;hh:mm:ss 24h;2;M011;79B80B51-9C53-433B-AAAE-3C35F366D667;NULL;1;0;0;NULL
258;Про Вино;1;ул Димитар Влахов бр;1;                    ;????? 070219300     ;                    ;provino@t-home.mk;;1;;geonet.png;2;3;1;5;dd-MM-yyyy;hh:mm:ss 24h;2;M011;EB8B26A2-BE67-49D5-93E6-D281C0A2369C;NULL;0;0;0;NULL
259;ONE - Telecom Slovenia;1;Skopje;1;                    ;                    ;                    ;nema;;1;;geonet.png;2;3;1;5;dd-MM-yyyy;hh:mm:ss 24h;2;M011;A9AA6C8D-E3EC-4E5E-9953-04ED3EA0DC15;NULL;1;1;0;NULL
260;Јеми БОСС;1;;1;+38922553675        ;                    ;                    ;jemi.boss@hotmail.com;;1;;geonet.png;2;3;1;5;dd-MM-yyyy;hh:mm:ss 24h;2;M011;E964C830-0877-4475-BFFB-06B50E8F1586;NULL;0;0;0;NULL
263;ЛЕК доо - Скопје;1;;1;+38970351475        ;                    ;                    ;eleonora.ivanovik@sandoz.com;;1;;geonet.png;2;3;1;5;dd-MM-yyyy;hh:mm:ss 24h;2;M011;A5083105-351F-4DCE-BB24-1B783AD23084;NULL;0;0;0;NULL
264;КББ Др. Трифун Пановски;1;Партизанска;14;0                   ;0                   ;0                   ;;;1;;geonet.png;2;3;1;5;dd-MM-yyyy;hh:mm:ss 24h;2;M011;492463D9-7BB3-4489-A821-29C8F3E82B07;NULL;1;0;0;NULL
265;БК Транс - Такси;2;;1;076 610 026         ;                    ;                    ;belcev@gmail.com;;1;;geonet.png;2;3;1;5;dd-MM-yyyy;hh:mm:ss 24h;2;M011;38396E2F-9620-4B92-B65D-6395B3DC86B7;NULL;0;0;0;NULL
266;Торпедо - Битола;1;;14;075 430 230         ;                    ;                    ;;;1;;geonet.png;2;3;1;5;dd-MM-yyyy;hh:mm:ss 24h;2;M011;F90CC7FA-5EB1-4DE9-B17F-2AC6DE8BF686;NULL;0;0;0;NULL
267;Анекс;1;;1;070 394 143         ;                    ;                    ;anex1993@yahoo.com;;1;;geonet.png;2;3;1;5;dd-MM-yyyy;hh:mm:ss 24h;2;M011;CFF81C34-38DF-456B-89F5-21E220C7D4E9;NULL;0;0;0;NULL
268;Office Plus;1;Skopje;1;0000                ;                    ;                    ;;;1;;geonet.png;2;3;1;5;dd-MM-yyyy;hh:mm:ss 24h;2;M011;07DEC424-2297-4DD8-A614-2B732FE25187;NULL;1;0;0;NULL
269;Хенди;1;;1;078 430 000         ;078 33 11 17        ;                    ;tjordanov@handybg.com;;1;;geonet.png;2;3;1;5;dd-MM-yyyy;hh:mm:ss 24h;2;M011;98655994-5425-4867-B1BE-C43884270425;NULL;0;0;0;NULL
270;ВИП Оператор;1;;1;0000                ;                    ;                    ;nema;;1;;geonet.png;2;3;1;5;dd-MM-yyyy;hh:mm:ss 24h;2;M011;97F7EA94-FD80-4331-ADB4-2DCF20FB32A8;NULL;0;0;0;NULL
271;UNDP Live;1;;1;077                 ;                    ;                    ;nema;;1;;geonet.png;2;3;1;5;dd-MM-yyyy;hh:mm:ss 24h;2;M011;F3DD06A1-1A60-43DC-8727-3F97F2E68699;NULL;0;0;0;NULL
272;Алијанс;1;;7;070329183           ;                    ;                    ;zkarakulev@aointl.com;;1;;geonet.png;2;3;1;5;dd-MM-yyyy;hh:mm:ss 24h;2;M011;19E2B517-36BA-4227-B952-47A7C7C01806;NULL;0;0;0;NULL
273;Полиестердеј;1;;1;075 337 929         ;02 321 77 00        ;                    ;service@polyesterday.com.mk;;1;;geonet.png;2;3;1;5;dd-MM-yyyy;hh:mm:ss 24h;2;M011;6FE03334-4C4D-43BA-B778-B74D638365AE;NULL;1;0;0;NULL
274;Такси Кам Смарк;2;;7;nema                ;                    ;                    ;nema;;1;;geonet.png;2;3;1;5;dd-MM-yyyy;hh:mm:ss 24h;2;M011;14A369D7-3F35-472F-9B7E-8FB7E8A18814;NULL;0;0;0;NULL
275;Виножито БИС;2;;7;075 212 561         ;                    ;                    ;;;1;;geonet.png;2;3;1;5;dd-MM-yyyy;hh:mm:ss 24h;2;M011;1280766B-8442-455F-871D-3267AFDA730B;NULL;0;0;0;NULL
276;Такси Актив;2;Тетово;8;044 330 288         ;                    ;                    ;ercument.hasani@autoactive.com.mk;;1;;geonet.png;2;3;1;5;dd-MM-yyyy;hh:mm:ss 24h;2;M011;687F8094-0B40-4638-AB86-5A179D66F4D7;NULL;1;0;0;NULL
277;МС-Ком;2;;10;                    ;                    ;                    ;;;1;;geonet.png;2;3;1;5;dd-MM-yyyy;hh:mm:ss 24h;2;M011;310BC12F-F4F0-4E17-98E3-07937C7862A6;NULL;0;0;0;NULL
278;Хисар;1;;1;070 277 963         ;                    ;                    ;robert@hisar.com.mk;;1;;geonet.png;2;3;1;5;dd-MM-yyyy;hh:mm:ss 24h;2;M011;BD2A04B3-D4E5-47AC-930A-A34146157291;NULL;0;0;0;NULL
279;ЕЛЕМ - стари;1;;1;                    ;                    ;                    ;;;1;;geonet.png;2;3;1;5;dd-MM-yyyy;hh:mm:ss 24h;2;M011;5842DEB8-C1A0-4CA1-9FDE-A9D772A0F85E;NULL;0;0;0;NULL
280;Демакс;1;;1;                    ;                    ;                    ;;;1;нема;geonet.png;2;3;1;5;dd-MM-yyyy;hh:mm:ss 24h;2;M011;F25CC42D-D1E0-4418-953C-997DB67CD182;NULL;1;0;0;NULL
281;Srgan;1;Canada;26;                    ;                    ;                    ;;;1;;geonet.png;1;4;-5;6;dd-MM-yyyy;hh:mm:ss AM/PM;2;M011;30660D13-458E-4A5D-A0ED-65FE7F618525;NULL;0;0;0;NULL
282;Такси Окце;2;;19;070 213 599         ;                    ;                    ;;;1;;geonet.png;2;3;1;5;dd-MM-yyyy;hh:mm:ss 24h;2;M011;FDDCC2B6-1D76-4322-8402-74E47F37DEC7;NULL;1;0;0;NULL
283;Монте Негро;1;;1;071 288 886         ;                    ;                    ;;;1;;geonet.png;2;3;1;5;dd-MM-yyyy;hh:mm:ss 24h;2;M011;7FA67FE9-FEDD-454F-AF0D-379206B2729B;NULL;0;0;0;NULL
284;Галаксија;1;;28;                    ;070218220           ;                    ;;;1;;geonet.png;2;3;1;5;dd-MM-yyyy;hh:mm:ss 24h;2;M011;BDE05DD8-5F1C-4A2A-BD06-5D0C127A4D1D;NULL;0;0;0;NULL
285;Синпекс;1;;14;0000                ;                    ;                    ;;;1;;geonet.png;2;3;1;5;dd-MM-yyyy;hh:mm:ss 24h;2;M011;6E34C08C-5080-4894-80EA-8574F4570C40;NULL;0;0;0;NULL
293;тест Мишо;1;;1;0000                ;0000                ;                    ;nema;;1;;geonet.png;2;3;1;5;dd-MM-yyyy;hh:mm:ss 24h;2;M011;0CD86410-6801-44AA-B401-340A4FA63313;NULL;0;0;0;NULL
294;Фил-Мар;1;;1;0000                ;                    ;                    ;nema;;1;;geonet.png;2;3;1;5;dd-MM-yyyy;hh:mm:ss 24h;2;M011;0CD7F696-56E0-4554-97C4-8476B1D81958;NULL;0;0;0;NULL
295;Грација;1;;1;0000                ;                    ;                    ;nema;;1;;geonet.png;2;3;1;5;dd-MM-yyyy;hh:mm:ss 24h;3;M111;2F55FBB3-7CC4-44B2-9031-B6EE5C7335FA;NULL;0;0;0;NULL
296;Еми Медиа;1;;1;0000                ;                    ;                    ;nema;;1;;geonet.png;2;3;1;5;dd-MM-yyyy;hh:mm:ss 24h;3;M111;D0D00B28-09A1-443A-AC38-FB150EEF9A88;NULL;1;0;0;NULL
297;Вижн Борд;1;;1;076447444           ;                    ;                    ;nema;;1;;geonet.png;2;3;1;5;dd-MM-yyyy;hh:mm:ss 24h;3;M111;AF23A576-8BC6-418C-BCAD-4BD77A4D74A3;NULL;0;0;0;NULL
298;Дива Компани;1;;1;0000                ;                    ;                    ;nema;;1;;geonet.png;2;3;1;5;dd-MM-yyyy;hh:mm:ss 24h;3;M111;146C943B-50AC-4C0C-B7E2-33EA865FEB5F;NULL;1;0;0;NULL
299;Albi;1;;2;                    ;                    ;                    ;;;1;;;NULL;NULL;NULL;NULL;dd-MM-yyyy;NULL;NULL;NULL;NULL;NULL;0;0;0;NULL
300;Мак Велд;1;;1;075241474           ;                    ;                    ;nema;;1;;geonet.png;2;3;1;5;dd-MM-yyyy;hh:mm:ss 24h;3;M111;1B24FC7C-E8FA-4229-A7EE-683BD27D523C;NULL;1;0;0;NULL
301;Веро;1;;1;000                 ;                    ;                    ;????;;1;;geonet.png;2;3;1;5;dd-MM-yyyy;hh:mm:ss 24h;3;M111;D5F7915B-1BB1-4E59-AFA8-D71B777EAB61;NULL;0;0;0;NULL
302;Златко ГПС;1;;1;0000                ;                    ;                    ;nema;;1;;geonet.png;2;3;1;5;dd-MM-yyyy;hh:mm:ss 24h;3;M111;712F5ED9-593A-4A8D-A077-D95FD9C0279D;NULL;0;0;0;NULL
303;Техномаркет;1;;1;0000                ;                    ;                    ;????;;1;;geonet.png;2;3;1;5;dd-MM-yyyy;hh:mm:ss 24h;3;M111;CC33FCDE-A1E8-407F-8A88-E4EFC0426C74;NULL;0;0;0;NULL
304;Мартин Костовски;1;;1;0000                ;                    ;                    ;????;;1;;geonet.png;2;3;1;5;yyyy-MM-dd;hh:mm:ss 24h;3;M111;E9FADEC4-C7B7-43A2-B61B-FE0EDE9AEB8E;NULL;1;0;0;NULL
305;Чеза Комерц;1;;1;022573502           ;                    ;                    ;cezacomerc@yhaoo.com;;1;;geonet.png;2;3;1;5;yyyy-MM-dd;hh:mm:ss 24h;3;M111;5E192516-829C-4BBE-9169-A045BCA399FF;NULL;1;0;0;NULL
306;Инекс-БС;1;;1;076300300           ;                    ;                    ;????;;1;;geonet.png;2;3;1;5;yyyy-MM-dd;hh:mm:ss 24h;3;M111;C0FF94C5-039B-48FE-92E1-CCC47EFC808D;NULL;1;0;0;NULL
307;Security GS;1;;1;000                 ;                    ;                    ;????;;1;;geonet.png;2;3;1;5;yyyy-MM-dd;hh:mm:ss 24h;3;M111;608EF39D-BABA-4D97-BAC2-12FA0B3EB1C4;NULL;1;0;0;NULL
308;Никоб 2;1;;1;0000                ;                    ;                    ;????;;1;;geonet.png;2;3;1;5;yyyy-MM-dd;hh:mm:ss 24h;3;M111;24A1F0F6-9821-48E1-B17B-857495BB019C;NULL;1;0;0;NULL
309;Такси Европа;1;;1;070843777           ;                    ;                    ;zufer777@hotmail.com;;1;;geonet.png;2;3;1;5;yyyy-MM-dd;hh:mm:ss 24h;3;M111;A110D999-E1C9-48DF-8824-5FE20D7FEA76;NULL;1;0;0;NULL
310;Рептил;1;;1;0000                ;                    ;                    ;????;;1;;geonet.png;2;3;1;5;yyyy-MM-dd;hh:mm:ss 24h;3;M111;0D22B88D-3484-48B0-9DFE-D0DFACCD4034;NULL;1;0;0;NULL
311;Сага-Проком;1;;1;0000                ;                    ;                    ;????;;1;;geonet.png;2;3;1;5;yyyy-MM-dd;hh:mm:ss 24h;3;M111;FB93D584-ABA4-4C3D-B30E-D0BC40EC5999;NULL;1;0;0;NULL
312;Близоо;1;;1;0000                ;                    ;                    ;nema;;1;;geonet.png;2;3;1;5;yyyy-MM-dd;hh:mm:ss 24h;3;M111;5C644614-1AE0-4A04-98E7-0962051D75CF;NULL;0;0;0;NULL
313;Сити Такси - Струга;1;;1;071241502           ;                    ;                    ;????;;1;;geonet.png;2;3;1;5;yyyy-MM-dd;hh:mm:ss 24h;3;M111;4E2E65AB-DB4C-45AA-B4B9-405D814D163D;NULL;0;0;0;NULL
314;Номче1;1;;1;nema                ;                    ;                    ;nema;;1;;geonet.png;2;3;1;5;yyyy-MM-dd;hh:mm:ss 24h;3;M111;7611FA05-DCF8-4290-87A6-DCDAE7BC78F5;NULL;0;0;0;NULL
315;Мамбо2;1;;1;0000                ;                    ;                    ;????;;1;;geonet.png;2;3;1;5;yyyy-MM-dd;hh:mm:ss 24h;3;M111;318F2C5B-17AE-4333-B0C7-41E861F14143;NULL;1;0;0;NULL
316;PRAN Demo;1;;29;0000                ;                    ;                    ;N/A;;1;;geonet.png;2;3;-5;5;yyyy-MM-dd;hh:mm:ss 24h;3;M111;9EF3AA6F-290B-4916-B540-CE2AFD0660E0;NULL;0;0;0;NULL
317;Спасе;1;;1;0000                ;                    ;                    ;nema;;1;;geonet.png;2;3;1;5;yyyy-MM-dd;hh:mm:ss 24h;3;M111;ADA39551-ECC8-4195-A4CA-A3FAC8F326D2;NULL;0;0;0;NULL
318;Титан;1;;1;0000                ;                    ;                    ;nema;;1;;geonet.png;2;3;1;5;yyyy-MM-dd;hh:mm:ss 24h;3;M111;C2BB49DA-EBCB-4C0D-BC04-36370211DB0C;NULL;1;0;0;NULL
319;Такси Босс;2;;8;076673622           ;                    ;                    ;????;;1;;geonet.png;2;3;1;5;yyyy-MM-dd;hh:mm:ss 24h;3;M111;F032199A-AD4D-42B8-8F05-EB8A647C969A;NULL;0;0;0;NULL
320;Перпетуум Мобиле Live;1;;1;0000                ;                    ;                    ;????;;1;;geonet.png;2;3;1;5;yyyy-MM-dd;hh:mm:ss 24h;3;M111;7FF168B7-BA68-4A74-A784-1FE237093C6B;NULL;1;0;0;NULL
321;НЛБ Тутунска - АТМ;1;;1;0000                ;                    ;                    ;a.dimitrieski@tb.com.mk;;1;;geonet.png;2;3;1;5;yyyy-MM-dd;hh:mm:ss 24h;3;M111;C899E825-E8B3-470F-B10E-5A3BAEC9944F;NULL;0;0;0;NULL
322;REM SEE;1;;1;+38923063180        ;                    ;                    ;officesee@rem-maschinen.com;;1;;geonet.png;2;3;1;5;yyyy-MM-dd;hh:mm:ss 24h;3;M111;C0954A8E-80D1-495B-A9E9-D740394776E5;NULL;1;0;0;NULL
323;Медиа Принт;1;;1;0000                ;                    ;                    ;e.ristovski@mpm.com.mk;;1;;geonet.png;2;3;1;5;yyyy-MM-dd;hh:mm:ss 24h;3;M111;615A4963-524C-4EA1-AE1C-F447775F6956;NULL;0;0;0;NULL
324;ЕЛЕМ Леки;1;;1;0000                ;                    ;                    ;????;;1;;geonet.png;2;3;1;5;yyyy-MM-dd;hh:mm:ss 24h;3;M111;A0E9F60E-D265-41D9-A684-600D0D66E226;NULL;1;0;0;NULL
325;Цермат;1;;1;389 47 226 671      ;                    ;                    ;ana@cermat.com.mk;;1;;geonet.png;2;3;1;5;yyyy-MM-dd;hh:mm:ss 24h;3;M111;129C08AE-6256-47C6-8C46-58ABCFBDA3D9;NULL;1;0;0;NULL
326;Limo Demo;1;;30;0000                ;                    ;                    ;N/A;;1;;geonet.png;2;3;-5;5;yyyy-MM-dd;hh:mm:ss 24h;3;M111;6F703C84-AD50-4B9F-89D7-BB44B0EC753A;NULL;1;0;0;NULL
327;Елка Интернационал;1;;1;0000                ;                    ;                    ;????;;1;;geonet.png;2;3;1;5;yyyy-MM-dd;hh:mm:ss 24h;3;M111;E10E9BBC-8973-42F9-8A8C-263289415741;NULL;1;0;0;NULL
328;Такси Супер;2;;8;0000                ;                    ;                    ;nema;;1;;geonet.png;2;3;1;5;yyyy-MM-dd;hh:mm:ss 24h;3;M111;DEA4DF83-2AAC-4710-A7D6-61A50C6A7BAD;NULL;1;0;0;NULL
329;КабелНет;1;;1;0000                ;                    ;                    ;????;;1;;geonet.png;2;3;1;5;yyyy-MM-dd;hh:mm:ss 24h;3;M111;62ABA157-8BF0-45B8-8B6B-B4A63E17738A;1e9e6ecb-7467-4063-ac65-d6e3a77dfb24.png;1;1;0;NULL
330;Kri Kri Live;1;;1;+302321068337       ;+306942982452       ;                    ;papazoglou@krikri.gr;;1;;geonet.png;2;3;1;5;yyyy-MM-dd;hh:mm:ss 24h;3;M111;572B0009-311C-46DA-86AE-EC8EF0B97246;NULL;1;0;0;NULL
331;Транскоп;1;;1;075207976           ;                    ;                    ;transkop1@t-home.mk;;1;;geonet.png;2;3;1;5;yyyy-MM-dd;hh:mm:ss 24h;3;M111;F1EBE278-F92E-4B91-9B3B-08E3FB3E20CB;NULL;1;0;0;NULL
332;Марфил;1;;1;075208751           ;                    ;                    ;marfil@t-home.mk;;1;;geonet.png;2;3;1;5;yyyy-MM-dd;hh:mm:ss 24h;3;M111;C311212B-5116-4F0A-857B-D42F53352E69;NULL;1;0;0;NULL
333;Такси Дени;2;;1;075248228           ;                    ;                    ;nema;;1;;geonet.png;2;3;1;5;yyyy-MM-dd;hh:mm:ss 24h;3;M111;D2A83C13-6AA5-4F4F-9730-B466D0815737;NULL;1;0;0;NULL
334;Еуростил;1;;1;070364402           ;                    ;                    ;nema;;1;;geonet.png;2;3;1;5;yyyy-MM-dd;hh:mm:ss 24h;3;M111;2948AF3C-65C5-46CF-80D7-CE8D460EBA11;NULL;1;0;0;NULL
335;Такси Христина;2;;1;075259510           ;                    ;                    ;????;;1;;geonet.png;2;3;1;5;yyyy-MM-dd;hh:mm:ss 24h;3;M111;2FF7AB2B-5A99-4857-BB6A-E8A9CB054274;NULL;1;0;0;NULL
336;Филипито;2;;1;nema                ;                    ;                    ;nema;;1;;geonet.png;2;3;1;5;yyyy-MM-dd;hh:mm:ss 24h;3;M111;F7673ED3-9748-4A9D-8DA5-0A69C82CD660;NULL;1;0;0;NULL
337;Такси Анико;2;;1;????                ;                    ;                    ;????;;1;;geonet.png;2;3;1;5;yyyy-MM-dd;hh:mm:ss 24h;3;M111;30E829F7-7CDA-4771-9D0E-B311905F0C8C;NULL;1;0;0;NULL
338;Ник Системи;1;;1;????                ;                    ;                    ;nik@nik.com.mk;;1;;geonet.png;2;3;1;5;yyyy-MM-dd;hh:mm:ss 24h;3;M111;6311CC99-67B2-4077-A262-C4D5F1C61403;NULL;1;0;0;NULL
339;Ренова Live;1;;1;044487300           ;                    ;                    ;info@mendim.com;;1;;geonet.png;2;3;1;5;yyyy-MM-dd;hh:mm:ss 24h;3;M111;C92B526F-CDE0-4EE3-AE44-35CC3FB83350;NULL;1;0;0;NULL
340;Благој Ѓорев;1;;13;075472419           ;                    ;                    ;nema;;1;;geonet.png;2;3;1;5;dd-MM-yyyy;hh:mm:ss 24h;2;M011;A1B3575E-7863-4877-9ABE-BD016B6068BB;NULL;1;0;0;NULL
341;Ибегалис;1;;1;070801097           ;                    ;                    ;info@ibegalis.com;;1;;geonet.png;2;3;1;5;yyyy-MM-dd;hh:mm:ss 24h;3;M111;F306297B-16F0-4331-BE86-7269E50D09C8;NULL;1;0;0;NULL
342;Пелагонија;1;;1;0000                ;                    ;                    ;nema;;1;;geonet.png;2;3;1;5;yyyy-MM-dd;hh:mm:ss 24h;3;M111;B4F84483-5C26-4879-AD9F-C84336DF58C1;NULL;1;0;0;NULL
343;Готас;1;;1;075381898           ;                    ;                    ;gotasmkd@yahoo.com;;1;;geonet.png;2;3;1;5;yyyy-MM-dd;hh:mm:ss 24h;3;M111;FAA1EB2B-E74F-4BCA-B811-B6623CE72FB6;NULL;1;0;0;NULL
344;Del Co;1;;1;070231504           ;                    ;                    ;jovance.nikolov@delco.com.mk;;1;;geonet.png;2;3;1;5;yyyy-MM-dd;hh:mm:ss 24h;3;M111;E54E3FD0-0042-4642-9ED8-A78A1D1B480C;NULL;1;0;0;NULL
345;Спиди Деливери;1;;1;077751060           ;                    ;                    ;speedymarketing@hotmail.com;;1;;geonet.png;2;3;1;5;yyyy-MM-dd;hh:mm:ss 24h;3;M111;E19FB065-8742-4E3A-84CB-AF70AF89FCD0;NULL;1;0;0;NULL
346;Македонија Пат;2;;1;0000                ;                    ;                    ;gajurkadriu@hotmail.com;;1;;geonet.png;2;3;1;5;yyyy-MM-dd;hh:mm:ss 24h;3;M111;567FF5B2-C97E-4643-A962-98E623E495FC;NULL;1;1;0;NULL
347;Крафт Логистик;1;;1;075-415-415         ;                    ;                    ;????;;1;;geonet.png;2;3;1;5;yyyy-MM-dd;hh:mm:ss 24h;3;M111;602901EF-3D9E-4C9D-97B8-BB7ED3F6AAA5;NULL;1;0;0;NULL
348;MM Hospital Higiena;1;;1;0000                ;                    ;                    ;????;;1;;geonet.png;2;3;1;5;yyyy-MM-dd;hh:mm:ss 24h;3;M111;FD6A57DB-E952-4D1E-97B6-29A51E3E29A3;NULL;1;0;0;NULL
349;Термалифт;1;;1;075416955           ;                    ;                    ;mima@termalift.com.mk;;1;;geonet.png;2;3;1;5;yyyy-MM-dd;hh:mm:ss 24h;3;M111;65365346-04DE-4639-BEA8-A4FCCEA65EA6;NULL;1;0;0;NULL
350;Римес;1;;1;072222214           ;                    ;                    ;????;;1;;geonet.png;2;3;1;5;yyyy-MM-dd;hh:mm:ss 24h;3;M111;DE1B26AF-740F-47E8-BA08-0EAB06C271C0;NULL;1;0;0;NULL
351;Супер Моби Дик;2;;1;046520620           ;076432111           ;                    ;bibikom@hotmail.com;;1;;geonet.png;2;3;1;5;yyyy-MM-dd;hh:mm:ss 24h;3;M111;E2D39726-3DEF-4EF3-91C6-5A8B057627B1;0197e287-0c12-41af-ac02-b646122180fb.png;1;0;0;NULL
352;Метро;1;;1;022440300           ;070349709           ;                    ;bojanm@metroadcom.mk;;1;;geonet.png;2;3;1;5;yyyy-MM-dd;hh:mm:ss 24h;3;M111;C57ECBBF-F6C4-41FD-A51C-6DDDA95A5F22;NULL;1;1;0;NULL
353;Свис Лион;1;;1;075337291           ;                    ;                    ;jovicad@swisslion.com.mk;;1;;geonet.png;2;3;1;5;yyyy-MM-dd;hh:mm:ss 24h;3;M111;6F2A1BE4-DC98-4C04-8AC1-7DB76695ABE3;NULL;1;1;0;NULL
354;Такси Матиз;2;;1;070790834           ;                    ;                    ;pkmirjana@gmail.com;;1;;geonet.png;2;3;1;5;yyyy-MM-dd;hh:mm:ss 24h;3;M111;51E62A82-5F43-4669-AA1D-19EB52EE28D6;NULL;1;0;0;NULL
355;Фени;1;;1;0000                ;                    ;                    ;076436161;;1;;geonet.png;2;3;1;5;yyyy-MM-dd;hh:mm:ss 24h;3;M111;C00553DA-3DF9-4773-9031-75FED083E29D;NULL;1;0;0;NULL
356;Тотал Логистик;1;;1;042213682           ;072208585           ;                    ;g.damjanoski@total-logistic.com;;1;;geonet.png;2;3;1;5;yyyy-MM-dd;hh:mm:ss 24h;3;M111;3DD07807-3B39-4C35-84B8-15674DE0352F;NULL;1;1;0;NULL
357;ALBI Commerce;1;;5;+386 (0) 49/774-413 ;                    ;                    ;xhevahire.ternava@albicommerce.com;;1;;geonet.png;2;3;1;5;yyyy-MM-dd;hh:mm:ss 24h;3;M111;DF8CDE43-8D7E-4451-9068-73F046EB070E;NULL;1;0;0;6304f5f
358;Asseco SEE;1;;1;+381 38 55 77 99    ;                    ;                    ;tech@gps.com.mk;;1;;geonet.png;2;3;1;5;yyyy-MM-dd;hh:mm:ss 24h;3;M111;20E4326E-4126-4365-AC11-D8F8BBD77944;NULL;1;0;0;NULL
359;Taxi London;1;;1;0000                ;                    ;                    ;None;;1;;geonet.png;2;3;1;5;yyyy-MM-dd;hh:mm:ss 24h;3;M111;FBF607D6-4984-432A-BCB9-9B17198BA52B;NULL;1;0;0;NULL
380;Демо ГПС;1;;1;0000                ;                    ;                    ;????;;1;;geonet.png;2;3;1;5;yyyy-MM-dd;hh:mm:ss 24h;3;M111;6A5E1616-4A1C-4219-922F-6181EDA3FB80;NULL;1;0;0;NULL
381;Такси Делукс;2;;8;04452500            ;070658355           ;                    ;ibro_moni@hotmail.com;;1;;geonet.png;2;3;1;5;yyyy-MM-dd;hh:mm:ss 24h;3;M111;C74FB8B4-D5EC-409D-B8F2-DA7BED913F2C;NULL;1;0;0;NULL
382;Канал 16;1;;1;047551551           ;075212402           ;                    ;kanal16@t-home.mk;;1;;geonet.png;2;3;1;5;yyyy-MM-dd;hh:mm:ss 24h;3;M111;161DBC5B-0414-41E9-A6DF-51042651D112;NULL;1;0;0;NULL
383;Мебел Ви;1;;1;033362511           ;078408133           ;                    ;stole@mebel-vi.com;;1;;geonet.png;2;3;1;5;yyyy-MM-dd;hh:mm:ss 24h;3;M111;4A8A0841-62FE-4996-9354-F91C237EFFB7;NULL;1;0;0;NULL
384;Кадино;1;;1;022581404           ;                    ;                    ;vlatko@kadino.com.mk;;1;;geonet.png;2;3;1;5;yyyy-MM-dd;hh:mm:ss 24h;3;M111;98AA2FC9-45E9-4569-86B3-657828FD247A;NULL;1;0;0;NULL
385;Рикомак;1;;1;023215702           ;                    ;                    ;nikolovski@rikomak.mk;;1;;geonet.png;2;3;1;5;yyyy-MM-dd;hh:mm:ss 24h;3;M111;AEEF5549-70CD-4164-80D9-1FA6D5E9D820;NULL;1;0;0;NULL
386;Тедико;1;;1;0000                ;                    ;                    ;stefce@hotmail.com;;1;;geonet.png;2;3;1;5;yyyy-MM-dd;hh:mm:ss 24h;3;M111;E4789C11-8976-4BE0-B9BC-638F48A875C2;NULL;1;0;0;NULL
387;Актавис;1;;1;023116252           ;                    ;                    ;@aktavis.com.mk;;1;;geonet.png;2;3;1;5;yyyy-MM-dd;hh:mm:ss 24h;3;M111;8CC249BA-D5F5-4B12-A06A-523AA511DEED;NULL;1;0;0;NULL
388;Кармен Бауцентар;1;;1;071333651           ;                    ;                    ;dejan.taseski@karmen.com.mk;;1;;geonet.png;2;3;1;5;yyyy-MM-dd;hh:mm:ss 24h;3;M111;4EA037EC-DAFD-4925-9BBB-D4891B11C17F;NULL;1;0;0;NULL
392;Такси 5;2;;9;                    ;                    ;                    ;;;1;;geonet.png;2;3;1;5;yyyy-MM-dd;hh:mm:ss 24h;3;M111;9E74ED04-3ECA-4AC8-9747-E69343B1E9B7;NULL;1;0;0;NULL
