"clientid","organisationid","fullname","username","password","roleid","active","timezone","metric","datetimeformat","defaultmap","engineon","engineoff","engineoffpassengeron","satelliteoff","taximeteron","taximeteroffpassengeron","passiveon","activeoff","deflanguage","speed","location","poi","zone","passengers","taximeter","fuel","trace","timedate","email","idleover","currency","liquidunit","tariff","menuorder","snooze","phone","cbfuel","cbrpm","cbtemp","cbdistance","tzone","cityid"
393,,"Даниел Андоноски","daniel.andonoski","D@niel0410",3,1,1,"km","d-m-Y h:i:s","YAHOOM",4,2,9,5,3,1,8,6,"mk","1","1","1","1","0","0","0","10","1","daniel.andonoski@karmen.com.mk",0,"MKD","litar","","12345",10,"","","","","",0,1
393,,"Никола Каневче","nikola.kanevce","Nikol@",3,1,1,"km","d-m-Y h:i:s","YAHOOM",4,2,9,5,3,1,8,6,"mk","1","1","1","1","0","0","0","10","1","nikola.kanevce@karmen.com.mk",0,"MKD","litar","","",10,"","","","","",0,1
393,,"Жарко Јанев","zarko.janev","gr@dOhrid",3,1,1,"km","d-m-Y H:i:s","YAHOOM",4,2,9,5,3,1,8,6,"mk","1","1","1","1","0","0","0","10","1","zarko.janev@karmen.com.mk",4,"","","","",10,"","","","","",0,1
393,21,"Дејан Спасески","karmen","b@Ugp$",2,1,1,"Km","d-m-Y H:i:s","YAHOOM",4,2,1,5,1,1,8,,"mk","1","1","1","1","0","0","0","10","1","dejan.spaseski@karmen.com.mk",1,"MKD","litar","","12345",10,"","","","","",0,1
393,,"Игор Стеваноски","igorst","1g0rSt*",3,1,1,"km","d-m-Y h:i:s","YAHOOM",4,2,9,5,3,1,8,6,"mk","1","1","1","1","0","0","0","5","1","igor.stevanoski@karmen.com.mk",0,"MKD","litar","","",10,"071 223 725","","","","",0,1
393,,"Ѓоре Спасески","gjoresp","g10r3Sp*",3,1,1,"km","d-m-Y h:i:s","YAHOOM",4,2,9,5,3,1,8,6,"mk","1","1","1","1","0","0","0","5","1","gjore.spaseski@karmen.com.mk",0,"MKD","litar","","",10,"072 253 315","","","","",0,1
