"clientid","organisationid","registration","code","typeid","model","fuelcapacity","gsmnumber","gsmpin","active","deviceid","rpmborder","port","chassisnumber","motornumber","fueltypeid","firstregistration","lastregistration","kmperyear","springtires","wintertires","nextservice","greencard","avgfuel","allowfuel","alias","visible","allowgarmin","allowcanbas","allowtemp","imei","numsensors"
393,21,"SK-821-SJ","5",2,"Peugeot Boxer",0,"076360234","3528",1,5,0.00,32990,"0","0",2,"2013-04-29","2013-04-29",0,0,0,0,0,,0,"",1,,0,0,"0",0
393,21,"SK-839-TE","2",20,"Fiat Ducato",0,"076360232","4049",1,5,,32940," 0 ","0",0,"2013-02-06","2013-02-06",0,0,0,0,0,,0,"",1,0,0,0,"0",0
393,21,"SK-417-SM","1",20,"Fiat Ducato",0,"076360233","8824",1,5,,32942," 0 ","0",0,"2013-06-02","2013-06-02",0,0,0,0,0,,0,"",1,0,0,0,"0",0
393,21,"SK-394-SI","4",20,"Fiat Ducato",0,"076360230","5449",1,5,0.00,32943,"0","0",0,"2013-02-14","2013-02-14",0,0,0,0,0,,0,"",1,0,0,0,"0",0
393,21,"SK-0552-AB","3",20,"Ford Transit",0,"076360231","1367",1,5,,32941," 0 ","0",0,"2013-02-06","2013-02-06",0,0,0,0,0,,0,"",1,0,0,0,"0",0
