"clientid","groupid","name","type","geom","radius","available","userid","povrsina","active","lastgroupid"
393,1,"Karmen Baucentar Skopje",1,"01010000206A690000E3F2A17B32A65841D38706E3B1C25141",50,3,673,"0",1,
393,1,"Sinisa doma",1,"01010000206A690000CE3B83FF71AA58414C78ABFB8AC95141",50,1,673,"0",1,
393,1,"Daman Komerc",1,"01010000206A690000505981F258AA5841F23C572E5CCA5141",50,3,673,"0",1,
393,1,"advokatska ulica",1,"01010000206A6900008A1A8DD5FAA85841B271B775C1C35141",50,1,673,"0",1,
393,1,"Pododekor magacin Veles",1,"01010000206A6900003093894288CF5841B0CB3045A7CD5141",50,3,673,"0",1,
393,1,"Gips Imobilija Dizajn",1,"01010000206A6900003901E9E770A758415DD29D75A6C45141",50,3,673,"0",1,
393,1,"Super Kompani",1,"01010000206A690000D8789ECB86AB5841A84F6EF8A4C35141",50,3,673,"0",1,
393,1,"MEGA",1,"01010000206A690000558C472417A55841CE48F6CEE7DE5141",50,3,673,"0",1,
393,1,"BOBO ASS",1,"01010000206A6900006FDA398CEEA658411AEF97F1CCDE5141",50,3,673,"0",1,
