"namepoi";"lon";"lat"
﻿Aleksandar Pecevski doma;21.561604;41.969310
Igor Mitreski doma;21.412247;42.002313
Done doma;21.498915;42.012315
Karmen Ohrid;20.806077;41.126149
TNT Ohrid;20.804960;41.115681
Makweld prodavnica;21.472799;41.999982
Magacin Makweld JUG;21.472829;42.000677
AL-VI;21.767581;41.717846
TP-ICE;22.498373;41.142165
Automakedonija Avtokomanda;21.460869;42.002190
FAKOM MONTAZA Parking;21.475851;42.004141
Marjan S doma;21.455935;42.013845
SASKO STRUGA;20.682278;41.174819
PROTOTIP PINTIJA;21.498606;41.942969
HUBO MARKET;21.406492;42.014117
DIVAJN;21.495948;41.943428
Parking Holiday Inn;21.436191;41.994904
Komercijalna banka direkcija;21.435778;41.996817
KARGO BITOLA;21.448465;41.997516
UNIOR;21.581968;42.000318
BIM;22.008503;41.802686
SKOPSKI SAEM;21.452493;41.997261
R Z Tehnicka kontrola;21.475864;42.008097
Knigovodstvo Makveld;21.404882;42.000960
Dzonson Meti;21.623467;41.985909
Ivica Atanaskoski doma;21.603298;41.956390
Jovan Vranic doma;21.472271;41.987520
BAUHAUS Profi;20.962628;42.001918
MERKATOR 2;20.911018;41.796373
MERKATOR 1;20.918779;41.802206
DORA;21.396286;41.995245
Karmen Stip;22.191555;41.742714
Catal Stip;22.192209;41.739119
Tehnodental;22.188484;41.735906
Stela antika;22.408509;41.913632
Milan Crvenkovski doma;21.434151;41.989889
Bardovci;21.394520;42.015067
Karaorman;21.490094;41.994494
Baga prom, Oska prom;22.511931;41.886361
FENI;21.945466;41.434223
TIKVES;22.002992;41.435194
IGM Trade;22.001801;41.443917
IGM Trade pogon;22.002646;41.447870
BRAKO;21.762709;41.715562
Partenie Zografski;21.482115;42.002100
Mebel Acevski;21.399602;42.013124
Filip II;21.403552;42.006326
Servis Honda Maketrol ;21.400010;42.007812
Vero Aerodrom;21.469039;41.984677
Jovan Vranic pred zgrada;21.470111;41.986252
Vero CENTAR;21.441771;41.992576
JSP;21.465048;42.001463
San Marti;21.378899;42.012043
Merkator zelezarija;20.883882;41.825143
German Igri;20.956847;41.512618
Eurofix;20.960471;41.516076
Vero Taftalidze;21.404926;41.996686
Moto centar Momin potok;21.409928;42.018744
Autoprestiz;21.466178;42.004199
Moto centar Pero Nakov;21.491984;41.991097
Moto centar Prvomajska;21.456128;41.973854
Bauer Makedonija;21.461763;42.018202
Badzo DM;21.549621;41.972606
Avto Kuka;21.550551;41.995138
GRANIT Mehanizacija;21.351123;42.078514
TINEX;21.477007;41.996353
Makedon beton;21.463307;41.996726
Mehatronika;21.461099;41.979063
Avtoservis Mitrevski;21.450268;41.961591
Man Makedonija;21.554659;41.995752
Sa tra;21.553236;41.995311
DM Trans DAF;21.574401;42.004842
Fas Vas;21.444167;41.986579
AMSM;21.420742;41.994299
Termoplan;21.460659;41.989128
Leni NL;21.441994;41.991363
Kiki Skoda;21.413645;41.992645
Jela kancelarija;21.926558;41.581793
Jela Zelezarija;22.091783;41.487142
Univerzal M;22.652600;41.429263
Iliev prom;22.698722;41.442472
Kar Centar;21.382496;42.013530
Mak Kar BMW;21.406917;42.015024
Toyota;21.407424;42.014942
Mikan kompani;21.597562;41.945820
Ekoaktiv DB;21.559483;41.961994
San Marti;21.027755;41.994252
Deni Internacional;21.545346;41.993934
Mip Metal;21.447940;41.993753
Emi Aleks;21.445528;41.992224
Nano Mobil;21.432201;41.990918
Detoil;21.479996;41.996644
Skenderovski;21.451001;41.968354
Toraks;21.463834;42.025510
KIA Motors;21.483005;41.997977
Deljsam;20.968659;42.009683
Coka;20.968467;42.010633
Interkomerc;22.495143;41.153601
PORSCHE Makedonija;21.433414;42.024765
Fakom Montaza Magacin;21.478188;42.005006
Deksion;21.392035;42.043686
Mi Da limarija;21.397541;42.032185
Euro guma trejd;21.452287;41.981855
Kontakt 2000;21.454733;41.990254
FAKOM upravna zgrada;21.479135;42.008294
Hidrolab Zlatanovski;21.495621;42.004822
Sans Simeon;21.487835;41.999193
Automakedonija Limarija;21.430434;42.030470
Mak Invest LTD;21.586395;41.989896
DB BD;21.557107;41.964518
Karadza Avtoservis;21.485125;42.001412
Rema kom;21.376420;42.006036
Koce Metalec Sendvicara;21.478923;42.003290
Iat alati;21.462164;41.986974
Makprogres Aerodrom;21.446419;41.985783
Dizel tehnik Mercedes;21.510532;42.013893
Fiat Uno servis;21.506268;42.012929
EXPERTS;21.391647;41.997617
VIBA DIZAJN;21.349260;41.039277
Sirok Sokak Parking;21.335720;41.027999
VEGERA Avtokomanda;21.464630;42.003228
SP Market Avtokomanda;21.467124;42.003577
EVROPA Fabrika;21.463806;41.999228
LOGIN SISTEMI;21.392601;41.998667
GOCE doma;21.463118;41.988414
GTC;21.435115;41.994064
MAKWELD Indzikovo;21.516103;41.998149
Beti Doma;21.445252;41.975150
Milka Doma;21.440065;41.978470
Damjada;21.458880;41.985017
Automakedonija - kamionski servis;21.469411;41.964709
Deagos;21.520999;41.934914
Dzersi;21.474914;41.964748
Unior;21.481936;41.985691
Makdizel;21.488535;42.004302
AKTIVA Stip;22.179532;41.750685
SERVIS K;42.003184;21.486346
ANHOCH;21.421816;41.990995
RZ INSTITUT;21.461940;42.017313
PERETUUMOBILE;21.427000;41.989555
Rade Koncar;21.449806;41.981705
Gorenac servis;21.467664;41.985468
sporna tocka Done;21.475289;41.996697
Ventil Trejd;21.459743;41.978978
Ventil Trejd;21.496385;41.945154
Martin Zivko DOOEL;21.515492;41.938530
Mega Kumanovo prodavnica;21.419579;41.994818
Lav Komerc;21.376117;42.006134
Karmen Baucentar;21.411829;42.015603
Kalabria;21.429250;42.029450
Kalabria;21.439304;42.027931
Plineks;21.438904;41.993739
Servis Mario;21.424489;41.983746
Staklara;21.472599;41.964727
KGT Servis;21.434868;41.984662
Servis Nino;21.411789;42.004996
Servis Branko;21.411261;42.003650
Servis Mimont;21.348920;42.009909
Biser Trgovski;21.464803;41.985295
Soloprom;21.443890;42.028709
Servis Gem Komerc;21.444179;42.031790
Geo Ing;21.436375;41.972845
Bi-ne-ko;21.405930;41.989217
Falko Mebel;21.376494;42.002277
Mi-Da Grand Motors;21.409402;42.006506
Pirin Eksport Vizbegovo;21.409148;42.033121
Pirin Eksport Salon;21.410449;41.997553
Servis Mile;21.442377;41.973089
Барок Инжинеринг;21.504010;41.938667
Металинжинеринг Градинг;21.481351;41.960447
Аутомотив груп;21.402237;42.014986
Сервис Балкан;21.441619;42.018220
Јуниор Експерт;21.450324;42.061929
Сервис Куси;21.442450;42.019676
Монтинг ;21.460176;42.015641
Уника Дизајн;21.410189;42.027795
Електрометалец;21.354825;42.006637
Металтехна;21.340644;42.007621
Сервисна гаража Зоки;21.367003;42.006900
Slave Doma;21.504838;41.996586
