<?xml version="1.0" encoding="UTF-8"?>
<note>
  <Settings.EngineOn>Мотор ON</Settings.EngineOn>
  <Settings.EngineOff>Мотор OFF</Settings.EngineOff>
  <Settings.EngineOffPassOn>Мотор OFF Патници ON</Settings.EngineOffPassOn>
  <Settings.LowSat>Слаби сателити</Settings.LowSat>
  <Settings.Engaged>Ангажирано</Settings.Engaged>
  <Settings.TaxOffPassOn>Таксиметар OFF Патници ON</Settings.TaxOffPassOn>
  <Settings.TaxOn>Таксиметар ON</Settings.TaxOn>
  <Settings.LightBlue>Светло сина</Settings.LightBlue>
  <Settings.Red>Црвена</Settings.Red>
  <Settings.DarkBlue>Темно сина</Settings.DarkBlue>
  <Settings.Green>Зелена</Settings.Green>
  <Settings.Yellow>Жолта</Settings.Yellow>
  <Settings.Gray>Сива</Settings.Gray>
  <Settings.Black>Црна</Settings.Black>
  <Settings.Orange>Портокалова</Settings.Orange>
  <Settings.RedBlue>Црвено сина</Settings.RedBlue>
  <Settings.GeoFences>Зони</Settings.GeoFences>
  <Settings.Pois>Точки од интерес</Settings.Pois>
  <Settings.Poi1>ТОИ</Settings.Poi1>
  <Routes.GetRoutes>Земи</Routes.GetRoutes>
  <Routes.AddNewRoute>Додади нова рута</Routes.AddNewRoute>
  <Routes.Name>Име</Routes.Name>
  <Routes.Predefined>Готови</Routes.Predefined>
  <Routes.SelectDriver>Изберете возач</Routes.SelectDriver>
  <Routes.SelectVeh>Изберете возило</Routes.SelectVeh>
  <Routes.SelectRoute>Изберете рута</Routes.SelectRoute>
  <Routes.NewRoute>Нова рута</Routes.NewRoute>
  <Routes.Order>Подреди</Routes.Order>
  <Routes.Optimal>Оптимално</Routes.Optimal>
  <Routes.Alarms>Аларми</Routes.Alarms>
  <Routes.Radius>Радиусен</Routes.Radius>
  <Routes.Trajectory>Траекторија</Routes.Trajectory>
  <Routes.RetentionTime>Време на задржување</Routes.RetentionTime>
  <Routes.Save>Сними</Routes.Save>
  <Routes.RoutesReport>Извештај за рути</Routes.RoutesReport>
  <Routes.SuccUpdRoute>Рутата беше успешно ажурирана!!!</Routes.SuccUpdRoute>
  <Routes.SuccAddRoute>Рутата беше успешно додаденa!!!</Routes.SuccAddRoute>
  <Routes.BIAO>ОСНОВНИ ПОДАТОЦИ ЗА НАЛОГОТ</Routes.BIAO>
  <Routes.CNRoute>Креирање на нов налог</Routes.CNRoute>
  <Routes.NName>Име на налогот</Routes.NName>
  <Routes.CreationDate>Датум на креирање</Routes.CreationDate>
  <Routes.First>Прв</Routes.First>
  <Routes.Second>Втор</Routes.Second>
  <Routes.Third>Трет</Routes.Third>
  <Routes.Driver>Возач</Routes.Driver>
  <Routes.Choose>Избери</Routes.Choose>
  <Routes.StartDatetime>Почеток</Routes.StartDatetime>
  <Routes.Vehicle>Возило</Routes.Vehicle>
  <Routes.LTBV>Локации што треба да се посетат</Routes.LTBV>
  <Routes.DL>Преземи локации</Routes.DL>
  <Routes.Pois>Точки од интерес</Routes.Pois>
  <Routes.Normal>Нормално</Routes.Normal>
  <Routes.Fast>Брзо</Routes.Fast>
  <Routes.Clear>Бриши ги внесените податоци</Routes.Clear>
  <Routes.Distance>Растојание</Routes.Distance>
  <Routes.Time>Време</Routes.Time>
  <Routes.Operations>Операции</Routes.Operations>
  <Routes.Minutes>Минута(и)</Routes.Minutes>
  <Routes.Alarm>Аларм</Routes.Alarm>
  <Fm.ChangeTires>Промена на гуми</Fm.ChangeTires>
  <Fm.Refueling>Ставање гориво</Fm.Refueling>
  <Fm.AddTires>Додади промена</Fm.AddTires>
  <Fm.NewTires>Нова промена на гуми</Fm.NewTires>
  <Fm.NewService>Нов сервис</Fm.NewService>
  <Fm.NewCost>Нов трошок</Fm.NewCost>
  <Fm.NewFuel>Ново ставање гориво</Fm.NewFuel>
  <Fm.DateLastFuel>Датум на последно ставање на гориво</Fm.DateLastFuel>
  <Fm.LastFuel>Последно ставање на гориво</Fm.LastFuel>
  <Fm.AvgFuel>Потрошувачка на гориво</Fm.AvgFuel>
  <Fm.DateFuel>Датум на ставање на гориво</Fm.DateFuel>
  <Fm.Driver>Возач</Fm.Driver>
  <Fm.Liters>Литри</Fm.Liters>
  <Fm.TotalDen>Износ (ден)</Fm.TotalDen>
  <Fm.Refuel> Стави гориво</Fm.Refuel>
  <Fm.Overview>Преглед</Fm.Overview>
  <Fm.CostsReport1>Извештај за трошоци</Fm.CostsReport1>
  <Fm.NotPut>Немате ставено</Fm.NotPut>
  <Fm.SummReport>Сумарен извештај</Fm.SummReport>
  <Fm.Delete>Избриши</Fm.Delete>
  <Fm.Currency>ден</Fm.Currency>
  <Fm.DeletedVeh>Возилото е избришано</Fm.DeletedVeh>
  <Fm.DeletedVeh1>Возилото е избришано од листата на возила</Fm.DeletedVeh1>
  <Fm.Save>Зачувај</Fm.Save>
  <Fm.Components>Компоненти</Fm.Components>
  <Fm.Regular>Редовен</Fm.Regular>
  <Fm.Associate>Вонреден</Fm.Associate>
  <Fm.Vehicle>Возило</Fm.Vehicle>
  <Fm.Sifrarnici>Шифрарници</Fm.Sifrarnici>
  <Fm.Desc>Опис</Fm.Desc>
  <Fm.OrgUnits>Организациони единици</Fm.OrgUnits>
  <Fm.OrgUnit>Организациона единица</Fm.OrgUnit>
  <Fm.Price>Износ</Fm.Price>
  <Fm.UngroupedVeh>Негрупирани возила</Fm.UngroupedVeh>
  <Fm.UngroupedDri>Негрупирани возачи</Fm.UngroupedDri>
  <Fm.OperPerf>Оперативно работење</Fm.OperPerf>
  <Fm.Reports>Извештаи</Fm.Reports>
  <Fm.Vehicles>Возила</Fm.Vehicles>
  <Fm.Employees>Вработени</Fm.Employees>
  <Fm.DownloadVeh>Превземи возила</Fm.DownloadVeh>
  <Fm.OtherSett>Останати подесувања</Fm.OtherSett>
  <Fm.ChTires>Промена на гуми</Fm.ChTires>
  <Fm.Service>Сервис</Fm.Service>
  <Fm.AddFuel>Ставање гориво</Fm.AddFuel>
  <Fm.BorrDriver>Задолжување на возач со возило</Fm.BorrDriver>
  <Fm.ModOrgUnit>Промени организациона единица</Fm.ModOrgUnit>
  <Fm.OthCosts>Останати трошоци</Fm.OthCosts>
  <Fm.CurrKm>Внес на моментална километража</Fm.CurrKm>
  <Fm.PrevStateDate>Датум на претходна состојба</Fm.PrevStateDate>
  <Fm.PrevState>Претходна состојба</Fm.PrevState>
  <Fm.CurrState>Внесете моментална состојба</Fm.CurrState>
  <Fm.CurrDate>Внесете датум на моментална состојба</Fm.CurrDate>
  <Fm.Note>Забелешка</Fm.Note>
  <Fm.Km>Километража</Fm.Km>
  <Fm.NoAllDrivers>Ова возило нема дозволени возачи.</Fm.NoAllDrivers>
  <Fm.NoAllVehicles>Овој вработен нема дозволени возила.</Fm.NoAllVehicles>
  <Fm.AddCosts>Додади останат трошок</Fm.AddCosts>
  <Fm.TotalCost>Вкупно</Fm.TotalCost>
  <Fm.AddService>Додади сервис</Fm.AddService>
  <Fm.ModCosts>Промени останат трошок</Fm.ModCosts>
  <Fm.Rbr>Р.бр.</Fm.Rbr>
  <Fm.AddOrgUnit>Додади организациона единица</Fm.AddOrgUnit>
  <Fm.Registration>Регистрација</Fm.Registration>
  <Fm.Code>Код</Fm.Code>
  <Fm.Marka>Марка</Fm.Marka>
  <Fm.Model>Модел</Fm.Model>
  <Fm.Total>Вкупно</Fm.Total>
  <Fm.Tip>Тип</Fm.Tip>
  <Fm.Sasija>Шасија</Fm.Sasija>
  <Fm.Motor>Мотор</Fm.Motor>
  <Fm.FuelType>Тип на гориво</Fm.FuelType>
  <Fm.FirstReg>Прва регистрација</Fm.FirstReg>
  <Fm.LastReg>Последна регистрација</Fm.LastReg>
  <Fm.Active>Активност</Fm.Active>
  <Fm.HaveGps>ГПС</Fm.HaveGps>
  <Fm.SureDel>Дали сте сигурни дека сакате да го избришете овој запис?</Fm.SureDel>
  <Fm.FullName>Име и презиме</Fm.FullName>
  <Fm.DateBorn>Датум на раѓање</Fm.DateBorn>
  <Fm.Gender>Пол</Fm.Gender>
  <Fm.StartCom>Почетен датум во компанијата</Fm.StartCom>
  <Fm.IstekVoz>Истек на возачка дозвола</Fm.IstekVoz>
  <Fm.AddVeh>Додади возило</Fm.AddVeh>
  <Fm.ModVeh>Промени возило</Fm.ModVeh>
  <Fm.Mod>Промени</Fm.Mod>
  <Fm.ModDri>Промени вработен</Fm.ModDri>
  <Fm.Datetime>Датум и време </Fm.Datetime>
  <Fm.Date>Датум </Fm.Date>
  <Fm.Costs>Трошоци </Fm.Costs>
  <Fm.StartUse>Почеток на користење</Fm.StartUse>
  <Fm.DurUser>Време на користење</Fm.DurUser>
  <Fm.YearKm>Годишно дозволени Km</Fm.YearKm>
  <Fm.TotKm>Вкупно дозволени Km</Fm.TotKm>
  <Fm.FuelCap>Капацитет на гориво</Fm.FuelCap>
  <Fm.SummTir>Предвидени Km на летни гуми</Fm.SummTir>
  <Fm.WinTir>Предвидени Km на зимски гуми</Fm.WinTir>
  <Fm.ServYear>Сервис на секои X Km</Fm.ServYear>
  <Fm.Add>Додади</Fm.Add>
  <Fm.Cancel>Откажи</Fm.Cancel>
  <Fm.Name>Име</Fm.Name>
  <Fm.ReportTires>Извештај за промена на гуми</Fm.ReportTires>
  <Fm.ReportServices>Извештај за извршени сервиси</Fm.ReportServices>
  <Fm.ReportCosts>Извештај за останати трошоци</Fm.ReportCosts>
  <Fm.ReportFuel>Извештај за гориво</Fm.ReportFuel>
  <Fm.Yes>Да</Fm.Yes>
  <Fm.No>Не</Fm.No>
  <Fm.Start>Почеток</Fm.Start>
  <Fm.End>Крај</Fm.End>
  <Fm.Alerts>Алерти</Fm.Alerts>
  <Fm.AlertTires>Алерт за гуми</Fm.AlertTires>
  <Fm.AlertService>Алерт за сервис</Fm.AlertService>
  <Fm.Show>Прикажи</Fm.Show>
  <Fm.AllVehicles>Дозволени возила</Fm.AllVehicles>
  <Fm.AllVehicles1>Сите возила</Fm.AllVehicles1>
  <Fm.AllDrivers>Дозволени возачи</Fm.AllDrivers>
  <Fm.LicenceType>Категорија на возачка дозвола</Fm.LicenceType>
  <Fm.AddDri>Додади вработен</Fm.AddDri>
  <Fm.FirstLicence>Датум на прва возачка дозвола</Fm.FirstLicence>
  <Fm.IntLicence>Меѓународна возачка дозвола</Fm.IntLicence>
  <Fm.DurContract>Времетраење на договор за работа</Fm.DurContract>
  <Fm.OtherLicences>Останати возачки дозволи</Fm.OtherLicences>
  <Fm.Male>Машки</Fm.Male>
  <Fm.Female>Женски</Fm.Female>
  <Fm.Months>месеци</Fm.Months>
  <Fm.Month>месец</Fm.Month>
  <Fm.Year>година</Fm.Year>
  <Fm.Indef>неопределено</Fm.Indef>
  <Fm.Location>Локација</Fm.Location>
  <Fm.SearchName>Пребарај по име и презиме</Fm.SearchName>
  <Fm.SearchCode>Пребарај по шифра</Fm.SearchCode>
  <Fm.SearchReg>Пребарај по регистрација</Fm.SearchReg>
  <Fm.AddAllDriver>Додади дозволен возач</Fm.AddAllDriver>
  <Fm.AddAllVehicle>Додади дозволено возило</Fm.AddAllVehicle>
  <Fm.AddServ>Додади сервис</Fm.AddServ>
  <Fm.ModServ>Промени сервис</Fm.ModServ>
  <Fm.PastKmWith>Поминати Km со</Fm.PastKmWith>
  <Fm.WinTires>зимски гуми</Fm.WinTires>
  <Fm.SummTires>летни гуми</Fm.SummTires>
  <Fm.WinTires1>Зимски гуми</Fm.WinTires1>
  <Fm.SummTires1>Летни гуми</Fm.SummTires1>
  <Fm.WinT>Зимски</Fm.WinT>
  <Fm.SummT>Летни</Fm.SummT>
  <Fm.DateAdd>Датум на ставање на</Fm.DateAdd>
  <Fm.CurrTires>Моментални гуми</Fm.CurrTires>
  <Fm.NewSumm>Нови летни</Fm.NewSumm>
  <Fm.NewWin>Нови зимски</Fm.NewWin>
  <Fm.Change>Промени</Fm.Change>
  <Fm.HaveLess>Имате поминато</Fm.HaveLess>
  <Fm.HaveMore>Имате уште</Fm.HaveMore>
  <Fm.KmMore>Km повеќе од предвидените Km за</Fm.KmMore>
  <Fm.KmLess>Km за возење до предвидените Km за</Fm.KmLess>
  <Fm.ServMore>Km до предвидениот сервис</Fm.ServMore>
  <Fm.ServLess>Km после предвидениот сервис</Fm.ServLess>
  <Fm.CostServ>Трошок за сервис</Fm.CostServ>
  <Fm.CostFuel>Трошок за гориво</Fm.CostFuel>
  <Fm.TotalCosts>Вкупни трошоци</Fm.TotalCosts>
  <Fm.DateAddNew>Датум на ставање на нови</Fm.DateAddNew>
  <Fm.CurrKmNew>Моментална километража при ставање на нови</Fm.CurrKmNew>
  <Fm.SureAdd>Дали сте сигурни дека сакате да ставите нови</Fm.SureAdd>
  <Fm.CurrKmSwitch>Моментална километража при промена на</Fm.CurrKmSwitch>
  <Fm.With>со</Fm.With>
  <Fm.CurrDrive>Моментално возите со</Fm.CurrDrive>
  <Fm.DateSwitch>Датум на промена на</Fm.DateSwitch>
  <Fm.SureSwitch>Дали сте сигурни дека сакате да извршите промена на</Fm.SureSwitch>
  <Fm.PrevStateFuel>Претходна состојба на гориво </Fm.PrevStateFuel>
  <Fm.Dotur>Дотур на гориво</Fm.Dotur>
  <Fm.Extraordinary>Вонреден</Fm.Extraordinary>
  <Fm.LastServ>Последен сервис</Fm.LastServ>
  <Fm.Activity>Активност</Fm.Activity>
  <Fm.CurrKm1>Моментална километража</Fm.CurrKm1>
  <Fm.PrevKm>Претходна километража</Fm.PrevKm>
  <Fm.PrevTires>Претходни гуми</Fm.PrevTires>
  <Fm.NoChTires>Во избраниот временски опсег возилото нема додадено/променето гуми !!!</Fm.NoChTires>
  <Fm.NoServ>Во избраниот временски опсег возилото нема извршено сервиси !!!</Fm.NoServ>
  <Fm.NoOthCosts>Во избраниот временски опсег возилото нема останати трошоци !!!</Fm.NoOthCosts>
  <Fm.KmLastServ>Километража при последен сервис</Fm.KmLastServ>
  <Fm.UpdateKm>Ажурирајте ја моменталната километража</Fm.UpdateKm>
  <Fm.AlertReg>Алерт за регистрација</Fm.AlertReg>
  <Fm.VehMore>Возилото има уште </Fm.VehMore>
  <Fm.DaysReg> денови до регистрација. </Fm.DaysReg>
  <Fm.EnterLastReg>Внесете датум на последна регистрација.</Fm.EnterLastReg>
  <Fm.RegToday>Возилото треба да се регистрира денес.</Fm.RegToday>
  <Fm.Days_>дена</Fm.Days_>
  <Fm.RegLess>Регистрацијата на возилото истече пред</Fm.RegLess>
  <Fm.Enter>Внеси</Fm.Enter>
  <Fm.SelectCost>Изберете трошок кој сакате да го внесете</Fm.SelectCost>
  <Fm.ExpIntLic>Истек на меѓународна возачка дозвола</Fm.ExpIntLic>
  <Fm.GreenCard>Зелен картон</Fm.GreenCard>
  <Fm.NextService>Следен сервис</Fm.NextService>
  <Fm.OthDrivers>Останати возачи</Fm.OthDrivers>
  <Main.SessionExpired>Сесијата заврши</Main.SessionExpired>
  <Main.ClickLogin>Кликнете тука за да се најавите повторно</Main.ClickLogin>
  <succSaved>Успешно зачувано !</succSaved>
  <select>Избери</select>
  <send>Испрати</send>
  <en>Англиски</en>
  <fr>Француски</fr>
  <logout>Одјава</logout>
  <home>Дома</home>
  <reports>Извештаи</reports>
  <live>Следење во живо</live>
  <sett>Подесувања</sett>
  <help>Помош</help>
  <resSett>Врати ги подесувањата</resSett>
  <sepScreen>Одделен екран</sepScreen>
  <addPoi1>Додади точка од интерес</addPoi1>
  <splitScr>Поделба екран</splitScr>
  <chooseGroupPoi>Избери група(и) за точка од интерес</chooseGroupPoi>
  <showGeoFence>Прикажи зона</showGeoFence>
  <chooseGroupGF>Избери група(и) за зона</chooseGroupGF>
  <actScr>Избери активен екран</actScr>
  <enterUser>Внеси корисничко име !</enterUser>
  <enterFull>Внеси цело име !</enterFull>
  <enterPass>Внеси лозинка !</enterPass>
  <enterEmail>Внеси е-маил !</enterEmail>
  <selectUserDel>Избери корисник за бришење !</selectUserDel>
  <selUser>Избери корисник !</selUser>
  <wait>Ве молиме почекајте . . . </wait>
  <EnterGroupName>Внеси име на група !</EnterGroupName>
  <selGroupEdit>Избери група за измена !</selGroupEdit>
  <groupCannotMod>Оваа група не може да биде променета !</groupCannotMod>
  <selGroupDel>Избери група за бришење !</selGroupDel>
  <delGroup>Избриши само група</delGroup>
  <delWithPoi>Избриши со точка од интерес</delWithPoi>
  <No>Не</No>
  <mustOnePoiMod>Мора да изберете една точка од интерес за промена !</mustOnePoiMod>
  <cancel>Откажи</cancel>
  <enterPoi>Внеси точка од интерес !</enterPoi>
  <mustPoiDel>Мора да изберете точка од интерес за бришење !</mustPoiDel>
  <yes>Да</yes>
  <mustPoi>Мора да изберете точка од интерес !</mustPoi>
  <mustGeoFenceMod>Мора да изберете една зона за промена !</mustGeoFenceMod>
  <enterGFName>Внеси име на зона !</enterGFName>
  <MustGFDel>Мора да изберете зона за бришење !</MustGFDel>
  <MustGF>Мора да изберете зона !„</MustGF>
  <SelGrDel>Изберете група за бришење !</SelGrDel>
  <DelWithGF>Избриши со зона</DelWithGF>
  <MustSelGFAdd>Мора да изберете една зона за да додадете возила</MustSelGFAdd>
  <showPoi>Прикажи точки од интерес</showPoi>
  <selUserEdit>Изберете корисник за промена !</selUserEdit>
  <OneClick>Потребен е еден клик на било која мапа за да се додаде ТОИ (Точка од интерес).</OneClick>
  <Poi>Точка од интерес</Poi>
  <initialView>Почетен поглед</initialView>
  <switchMap>Смени мапа</switchMap>
  <switchTypeMap>Смени тип на мапа</switchTypeMap>
  <add>Додади</add>
  <GeoFence>Зона</GeoFence>
  <Save>Сними</Save>
  <AddGFPoi>Додавање на зона или точка од интерес</AddGFPoi>
  <AddGF>Додади нова зона</AddGF>
  <Ruler>Линијар</Ruler>
  <Measure>Мерење</Measure>
  <RulerMeasure>Линијар за мерење на растојание</RulerMeasure>
  <search>Пребарувај</search>
  <searchByName>Пребарувај улици, точки од интерес</searchByName>
  <Vehicles>Возила</Vehicles>
  <ListVehicles>Листа на возила</ListVehicles>
  <ChooseVehicles>Избери ги видливите возила на мапата</ChooseVehicles>
  <allVehicles>Сите возила</allVehicles>
  <all>Сите</all>
  <symbol>Симбол</symbol>
  <group>Група</group>
  <selGroup>Изберете група</selGroup>
  <ClickDraw>Кликнете на мапата за да започнете со цртање на нова зона !</ClickDraw>
  <EndDraw>За да престанете со цртање кликнете два пати.</EndDraw>
  <NoGF>Нема зона за зачувување !!!</NoGF>
  <ChooseActScr>Избери акривен екран</ChooseActScr>
  <CurrTimeDate>Моментален датум и време</CurrTimeDate>
  <Name>Име</Name>
  <Edit>Измени</Edit>
  <Delete>Избриши</Delete>
  <updateGF>Ажурирање на зона</updateGF>
  <EnterGFName>Внеси го името на зоната !!!</EnterGFName>
  <SelectGroup>Избери група за оваа зона !!!</SelectGroup>
  <ReqFields>Ве молиме внесете ги потребните полиња...</ReqFields>
  <AddInfo>Дополнителни информации</AddInfo>
  <Group>Група</Group>
  <EditPoi>Измени точка од интерес</EditPoi>
  <Update>Ажурирај</Update>
  <Error>Грешка</Error>
  <dinara5>Оваа опција се наплаќа 5 денари по порака,(br /)доколку сакате да ја активирате внесете ја лозинката!!!</dinara5>
  <EnterPass>Внесете лозинка: </EnterPass>
  <alerttGF>Информативна Порака</alerttGF>
  <WrongPass>Погрешна лозинка !!!</WrongPass>
  <GFWSD>Зоната е успешно избришана !!!</GFWSD>
  <mesec>,Јан,Фев,Мар,Апр,Мај,Јун,Јул,Авг,Сеп,Окт,Ное,Дец</mesec>
  <vehToFollow>Следи</vehToFollow>
  <FollowVehicles>Избор на возила за следење на мапа</FollowVehicles>
  <cancelOper>Откажи операција</cancelOper>
  <SucAddSch>Успешно додаден планер !!!</SucAddSch>
  <NoData>Нема податоци за бараниот период !!!</NoData>
  <Only7Days>Може да изберете максимум за 7 дена !!!</Only7Days>
  <StartEnd>Почетниот датум и време мора да се помали или еднакви на крајниот датум и време !!!</StartEnd>
  <EndToday>Крајниот датум и време мора да се помали или еднакви на денешниот датум !!!</EndToday>
  <CancelOper>Откажи операција</CancelOper>
  <biggerThan1>Ве молиме изберете опсег поголем од 1 час !!!</biggerThan1>
  <validSFormat>Ве молиме внесете правилен формат на почетниот датум и време !!!</validSFormat>
  <validEFormat>Ве молиме внесете правилен формат на крајниот датум и време !!!</validEFormat>
  <selRadius>Изберете радиус</selRadius>
  <spleetScreenInfo>Модулот Поделба на екран, поради својата комплексност има потреба од подобра конфигурација.(br /)Во спротивно можно е да имате проблем при вчитување!!!</spleetScreenInfo>
  <Street>Улица:</Street>
  <GFVeh>Зона во која што се наоѓа возилото:</GFVeh>
  <RouteForV>Патека на возилото:</RouteForV>
  <Number>Број</Number>
  <From>Од</From>
  <To>До</To>
  <Route>Рута</Route>
  <EmailSucSend>Извештајот е успешно испратен на вашиот е-маил.</EmailSucSend>
  <EmailNotSend>Е-маилот не може да биде испратен.</EmailNotSend>
  <Sending>Испраќање...</Sending>
  <SelectDriver>Изберете возач</SelectDriver>
  <CantModifyPOI>Немате привилегии да ја менувате оваа точка од интерес</CantModifyPOI>
  <CantModifyGF>Немате привилегии да ја менувате оваа зона</CantModifyGF>
  <next>Следно</next>
  <back>Назад</back>
  <show>Прикажи</show>
  <newCom>За нова споредба кликнете</newCom>
  <here>тука</here>
  <ResLoading>Вчитување на резултатите од споредбата...</ResLoading>
  <twoVeh>Изберете најмалку две возила за споредба !!!</twoVeh>
  <oneCat>Изберете најмалку една категорија за споредба !!!</oneCat>
  <showPOIbtn>Прикажи ТОИ</showPOIbtn>
  <Streets>Улици</Streets>
  <Pois>Точки од интерес</Pois>
  <searchStreetsByName> Пребарувај улици по име</searchStreetsByName>
  <Registration>Регистрација</Registration>
  <Date>Датум</Date>
  <Time>Време</Time>
  <Speed>Брзина</Speed>
  <SelectRoute>Изберете рута</SelectRoute>
  <SelectVeh>Изберете возило</SelectVeh>
  <InfoRoute1>Пополнете ги потребните информации, за внесување на една рута!!!</InfoRoute1>
  <InfoRoute2>Нема податоци за избраниот ден!!!</InfoRoute2>
  <InfoRoute3>Грешка, ве молиме обидете се повторно!!!</InfoRoute3>
  <Start>Почеток</Start>
  <InfoRoute4>Нема внесено рути!!!</InfoRoute4>
  <Welcome>Добредојдовте на вашата дестинација.</Welcome>
  <Distance>Одалеченост</Distance>
  <Narrative>Narrative</Narrative>
  <YourTrip>Вашето патување изнесува: </YourTrip>
  <forward>Напред</forward>
  <pause>Пауза</pause>
  <no>Не</no>
  <End>Крај</End>
  <addAllDriver>Додади дозволен возач</addAllDriver>
  <addAllVehicle>Додади дозволено возило</addAllVehicle>
  <addOrgUnit>Додади организациона единица</addOrgUnit>
  <modOrgUnit>Промени организациона единица</modOrgUnit>
  <change>Промени</change>
  <delEnt>Бришење на запис</delEnt>
  <STOS>Почетно време на застанување</STOS>
  <ETOS>Крајно време на застанување</ETOS>
  <TTOS>Вкупно време на стоење</TTOS>
  <hide>Сокри</hide>
  <alarm>Аларм за застанување надвор од рута подолго од х минути</alarm>
  <print>Печати</print>
  <noEmail>* Немате внесено ниту еден е-маил !</noEmail>
  <uncorrEmail>* Внесовте невалиден формат на е-маил !</uncorrEmail>
  <SchNote>* За внес на повеќе е-маилови одделувајте со ,(br /)Пример:n1@example.com,n2@example.com,</SchNote>
  <noEmail1>* Немате внесено е-маил !</noEmail1>
</note>
