"source";"name";"fname";"dt"
t;Goran Cvetkoski;tgcvetkoski_Sun12May20130635380000_BKC5p_XCUAAdxqR.jpg;2013-05-12 08:41:24
t;Al3k;talekgev_Sun12May20130650240000_BKC9CSnCAAA5qIs.jpg;2013-05-12 08:51:00
t;Al3k;talekgev_Sun12May20130720590000_BKDECP1CIAAJnB0.jpg;2013-05-12 09:21:08
t;Vanco;tordanoskiv_Sun12May20130722050000_BKDECP1CIAAJnB0.jpg;2013-05-12 09:21:46
t;Tode Bucevski;tbucevski_Sun12May20130725030000_BKDE9ykCIAA-CyJ.jpg;2013-05-12 09:26:48
t;Goran Cvetkoski;tgcvetkoski_Sun12May20130730570000_BKDGUSuCQAA32Hg.jpg;2013-05-12 09:31:50
t;Tode Bucevski;tbucevski_Sun12May20130741480000_BKDIzPuCcAAyTxa.jpg;2013-05-12 09:41:53
t;Tode Bucevski;tbucevski_Sun12May20130742570000_BKDJEHfCcAAJy21.jpg;2013-05-12 09:46:55
t;Tode Bucevski;tbucevski_Sun12May20130742280000_BKDI89pCYAAHuZR.jpg;2013-05-12 09:46:55
t;Al3k;talekgev_Sun12May20130750500000_BKDK3bKCcAAOvKB.jpg;2013-05-12 09:51:57
i;Goran;igcvetkoski_ea2a5212bad311e2a1ff22000a1fcee4_7.jpg;2013-05-12 10:00:21
i;Tode Bucevski;itodebucevski_095d82dcbadc11e2b3d922000a9f309f_7.jpg;2013-05-12 10:16:14
i;Tode Bucevski;itodebucevski_ea2a5212bad311e2a1ff22000a1fcee4_7.jpg;2013-05-12 10:16:15
i;Goran;igcvetkoski_f49afe00badc11e2808622000a1f9aaf_7.jpg;2013-05-12 10:21:17
i;Goran;igcvetkoski_a86f2074badc11e28d7d22000a1f981a_7.jpg;2013-05-12 10:21:18
i;Ananananana;ianananananananananananananana_095d82dcbadc11e2b3d922000a9f309f_7.jpg;2013-05-12 10:21:19
i;Ana Cizbanoska;ianacizbanoska_280c98fcbadd11e2996f22000a1fbc6f_7.jpg;2013-05-12 10:26:21
i;Ana Cizbanoska;ianacizbanoska_f49afe00badc11e2808622000a1f9aaf_7.jpg;2013-05-12 10:26:22
i;Alek;ialekgev_3bd321cabade11e2802a22000a9f3c9c_7.jpg;2013-05-12 10:31:25
i;Alek;ialekgev_392a9836bade11e2bec722000a1f8c33_7.jpg;2013-05-12 10:31:27
i;Tode Bucevski;itodebucevski_280c98fcbadd11e2996f22000a1fbc6f_7.jpg;2013-05-12 10:31:28
i;Biljana Gjorgiovska;ibiliamk_43f8e2e0bade11e2b74c22000a9f1427_7.jpg;2013-05-12 10:41:32
i;Biljana Gjorgiovska;ibiliamk_3bd321cabade11e2802a22000a9f3c9c_7.jpg;2013-05-12 10:41:33
i;Sreten Kostic Hairstylist;isretenkostic_43f8e2e0bade11e2b74c22000a9f1427_7.jpg;2013-05-12 10:51:37
i;Shane ELLIS;icortezcash_280c98fcbadd11e2996f22000a1fbc6f_7.jpg;2013-05-12 10:51:38
i;Julija;ijmarkoska_43f8e2e0bade11e2b74c22000a9f1427_7.jpg;2013-05-12 11:06:43
i;Nina Tudzar;ininatudzar_a73eecc6badb11e2b2a722000aaa0952_7.jpg;2013-05-12 11:16:47
i;mayasazdanovska;imayasazdanovska_43f8e2e0bade11e2b74c22000a9f1427_7.jpg;2013-05-12 11:16:48
i;mayasazdanovska;imayasazdanovska_095d82dcbadc11e2b3d922000a9f309f_7.jpg;2013-05-12 11:16:49
i;stefansaraginov;istefanel__a73eecc6badb11e2b2a722000aaa0952_7.jpg;2013-05-12 11:36:56
i;Ivana Mitić Janevska;iivigram_7bcec80abae411e2a46f22000a1de414_7.jpg;2013-05-12 11:41:59
i;Tode Bucevski;itodebucevski_a73eecc6badb11e2b2a722000aaa0952_7.jpg;2013-05-12 11:42:01
i;epetrovska;iepetrovska_1f49cf3ebaea11e2a6b722000a1fc7c5_7.jpg;2013-05-12 11:57:06
i;epetrovska;iepetrovska_04538f44baea11e2850422000a1f9a85_7.jpg;2013-05-12 11:57:07
i;5rovskat;i5rovskat_7bcec80abae411e2a46f22000a1de414_7.jpg;2013-05-12 11:57:08
i;Marjan Lazarevski;imlazarevski_a73eecc6badb11e2b2a722000aaa0952_7.jpg;2013-05-12 11:57:08
i;najdenovski;inajdenovski_1f49cf3ebaea11e2a6b722000a1fc7c5_7.jpg;2013-05-12 12:02:11
i;Tode Bucevski;itodebucevski_6510a06ebaeb11e2a8b322000a1f9691_7.jpg;2013-05-12 12:07:13
i;Irfan Tatar;iphannymation_1f49cf3ebaea11e2a6b722000a1fc7c5_7.jpg;2013-05-12 12:07:14
i;Irfan Tatar;iphannymation_04538f44baea11e2850422000a1f9a85_7.jpg;2013-05-12 12:07:14
i;Toshevska Simona;i_tsimona__a86f2074badc11e28d7d22000a1f981a_7.jpg;2013-05-12 12:12:20
i;Tode Bucevski;itodebucevski_dd2efa3abaed11e2b0f022000a9f1369_7.jpg;2013-05-12 12:22:24
i;Anouk Pop Stefanija;irandomana_7bcec80abae411e2a46f22000a1de414_7.jpg;2013-05-12 12:22:25
i;Martina Naumovska;imanaumovska_1f49cf3ebaea11e2a6b722000a1fc7c5_7.jpg;2013-05-12 12:37:30
i;anakoceva;ianakoceva_43f8e2e0bade11e2b74c22000a9f1427_7.jpg;2013-05-12 12:37:32
i;Martina Naumovska;imanaumovska_04538f44baea11e2850422000a1f9a85_7.jpg;2013-05-12 12:42:35
i;MrFrosina Pavlovska;ifpavlovska_280c98fcbadd11e2996f22000a1fbc6f_7.jpg;2013-05-12 12:47:38
i;Nina Angelovska;ininaangelovska_280c98fcbadd11e2996f22000a1fbc6f_7.jpg;2013-05-12 12:52:40
i;Tode Bucevski;itodebucevski_652400b2baf211e28c1022000a9e08e0_7.jpg;2013-05-12 12:57:43
i;Goran Kostovski;iindog_1f49cf3ebaea11e2a6b722000a1fc7c5_7.jpg;2013-05-12 12:57:45
i;Goran Kostovski;iindog_04538f44baea11e2850422000a1f9a85_7.jpg;2013-05-12 12:57:46
i;Ana Dimitrovska;iann_d87_280c98fcbadd11e2996f22000a1fbc6f_7.jpg;2013-05-12 13:07:53
i;Miova;imiovaj_dd2efa3abaed11e2b0f022000a9f1369_7.jpg;2013-05-12 13:43:07
i;Iki Cvetkovski;ieeeky_a73eecc6badb11e2b2a722000aaa0952_7.jpg;2013-05-12 13:43:09
i;Katerina Jordanova;ikate_jordanova_280c98fcbadd11e2996f22000a1fbc6f_7.jpg;2013-05-12 13:43:09
i;Ana Shterjova;iana_shterjova_6f4565f8baee11e2ad1322000a9e28e6_7.jpg;2013-05-12 13:48:12
i;Miova;imiovaj_652400b2baf211e28c1022000a9e08e0_7.jpg;2013-05-12 13:48:12
i;Tode Bucevski;itodebucevski_116be068bafa11e2b88822000a9f1947_7.jpg;2013-05-12 13:53:16
i;Marina Koloska;imarinakoloskas_758f2146bafe11e28f8522000a1fb838_7.jpg;2013-05-12 14:23:29
i;Marina Koloska;imarinakoloskas_116be068bafa11e2b88822000a9f1947_7.jpg;2013-05-12 14:23:30
i;Ivana Spiroska;iivanjushkas_758f2146bafe11e28f8522000a1fb838_7.jpg;2013-05-12 14:28:33
i;Nikolce Davcevski;ima_nemoj_6f9d4ba0bad111e2af2c22000a9e510c_7.jpg;2013-05-12 14:38:38
i;Кирилица;ikirilica_4943d652bb0011e28b9422000a1f8af5_7.jpg;2013-05-12 14:38:38
i;Aleeek;iageorgievski_4943d652bb0011e28b9422000a1f8af5_7.jpg;2013-05-12 14:43:41
i;Aleeek;iageorgievski_3bd321cabade11e2802a22000a9f3c9c_7.jpg;2013-05-12 14:43:43
i;oljadjokovichka;ioljadjokovichka_6f9d4ba0bad111e2af2c22000a9e510c_7.jpg;2013-05-12 14:48:48
i;Vladimir  Dimitrov;ibrzofoto_4943d652bb0011e28b9422000a1f8af5_7.jpg;2013-05-12 14:48:48
i;5rovskat;i5rovskat_4943d652bb0011e28b9422000a1f8af5_7.jpg;2013-05-12 14:53:52
i;Ema Vukadinovska;iemaemilii_4943d652bb0011e28b9422000a1f8af5_7.jpg;2013-05-12 15:04:01
i;5rovskat;i5rovskat_3bd321cabade11e2802a22000a9f3c9c_7.jpg;2013-05-12 15:04:02
i;Trajce Mitev;itactivity_4943d652bb0011e28b9422000a1f8af5_7.jpg;2013-05-12 15:09:08
i;Ananananana;ianananananananananananananana_4943d652bb0011e28b9422000a1f8af5_7.jpg;2013-05-12 15:19:39
i;Aleksandar Mihajloski;i__alek___1b1ea48abb0711e29ad222000a1f97a2_7.jpg;2013-05-12 15:24:50
i;Tode Bucevski;itodebucevski_392a9836bade11e2bec722000a1f8c33_7.jpg;2013-05-12 15:24:52
